SCENE NAME,LINE TITLE - ENGLISH,LINE TEXT - ENGLISH
rocketTestScene,Empty,.
rocketTestScene,,map
,,
kazakTestScene,,"scene_bg,sBackgroundGray"
kazakTestScene,,"char_in,Barry,sBarry,0"
kazakTestScene,Empty,[b]test test[/b] test test
kazakTestScene,,scene_clear
kazakTestScene,Empty,test test 1
kazakTestScene,,"main_char_in,0"
kazakTestScene,Empty,test test 2
kazakTestScene,,"trans_scene,testScene1"
kazakTestScene,Empty,test test 3
kazakTestScene,,map
,,
testMap,Empty,...
testMap,,map
,,
intro,,"scene_bg,sBackgroundShayHome"
intro,,"music,bgmSpookTheme"
intro,,"delay,2"
intro,Spook,"This week, we moved into a new house with my family."
intro,Spook,Everyone has been so busy unpacking...
intro,Spook,Me?
intro,,"trans_scene,introCage"
,,
introCage,,"scene_bg,sBackgroundCageNightSpook"
introCage,,"delay,2"
introCage,,"main_char_in,0"
introCage,Spook,Nothing much changed for me. 
introCage,Spook,"I get a nice view from my new spot, at least..."
introCage,Spook,I am Spook.
introCage,,"trans_scene,introShay"
,,
introShay,,"scene_bg_clear,sBackgroundBlack"
introShay,,"char_in,Shay,sShay,0"
introShay,,"main_char_in,0"
introShay,,"delay,1"
introShay,Spook,And this is Shay! My human and my best friend! 
introShay,Spook,She seems to be nervous about the new school and everything.
introShay,,"trans_scene,introShaysHand"
,,
introShaysHand,,"scene_bg_clear,sBackgroundSpookInShaysHand"
introShaysHand,Spook,But I am here to make her feel better!
introShaysHand,Spook,"Me and my human don't have many other friends- and, well, we don't need 'em!"
introShaysHand,,"trans_scene,introCalendar"
,,
introCalendar,,"scene_bg_clear,sBackgroundCalendar"
introCalendar,,"delay,2"
introCalendar,Spook,"More importantly, [wave]Halloween[/wave] is around the corner!"
introCalendar,Spook,The [shake]BEST[/shake] time of the year!
introCalendar,Spook,I can't wait to spend a calm afternoon watching horror movies with Shay!
introCalendar,,"trans_scene,introShayRoomDay"
,,
introShayRoomDay,,"scene_bg_clear,sBackgroundShayRoomDay"
introShayRoomDay,Empty,"October 30th, Afternoon"
introShayRoomDay,Empty,You wake up to the sound of arguing...
introShayRoomDay,,"main_char_in,6"
introShayRoomDay,Spook,...?
introShayRoomDay,Mom,You should go out more often!
introShayRoomDay,Mom,There are so many kids your age in this neighborhood!
introShayRoomDay,Mom,Mrs. Dudley said her daughter would love to go trick-or-treating with you!
introShayRoomDay,Shay,[wave]Moooom![/wave] She isn't my age!
introShayRoomDay,Shay,She's ten! I'm thirteen!
introShayRoomDay,Mom,"Well, her older brother is going to be there."
introShayRoomDay,Mom,You two go to the same school.
introShayRoomDay,Mom,It could be an opportunity to get to know one another.
introShayRoomDay,Shay,But mom- Spook and I already have plans!
introShayRoomDay,Shay,"We're going to see [b]""Zombie Rats Take Over the World Again""[/b]!"
introShayRoomDay,Mom,"Well, I'm sure you can watch your movie after you go trick-or-treating!"
introShayRoomDay,Mom,"Come on, Shay. It's going to be fun!"
introShayRoomDay,Shay,...And can I stay up late to watch the movie...?
introShayRoomDay,Mom,[b]...Sigh.[/b] Yes. Yes you may.
introShayRoomDay,Shay,"[wave]Okaaay.[/wave] Love you, mom."
introShayRoomDay,Mom,"Love you too, pumpkin!"
introShayRoomDay,,"char_in,Shay,sShay,2"
introShayRoomDay,,"char_update,Spook,0"
introShayRoomDay,Shay,"[sound,sfxDoorClose][wave]Uuuugh![/wave]"
introShayRoomDay,Shay,This is horrible!
introShayRoomDay,Shay,How am I gonna spend an entire night with people I don't even know?!
introShayRoomDay,Shay,This is gonna be a disaster!
introShayRoomDay,Shay,A bigger disaster than third grade picture day!
introShayRoomDay,Empty,Shay sounds upset...
introShayRoomDay,,"choice,intro0,intro1"
introShayRoomDay,,"char_update,Shay,0"
introShayRoomDay,,"char_update,Shay,0"
introShayRoomDay,Shay,"You're right, Spook!"
introShayRoomDay,Shay,It's Halloween! It's going to be awesome whether they like me or not!
introShayRoomDay,Shay,And we'll have some candy for our movie too! Isn't that awesome?!
introShayRoomDay,Spook,Squeak!
introShayRoomDay,Shay,"Well said, boy!"
introShayRoomDay,,"music,noone"
introShayRoomDay,,"trans_scene,introShayRoomNight"
,,
introShayRoomNight,,"scene_bg_clear,sBackgroundShayRoomNight"
introShayRoomNight,Empty,"October 30th, Night"
introShayRoomNight,,"music,bgmSuspense"
introShayRoomNight,,"main_char_in,6"
introShayRoomNight,Spook,Squeak?
introShayRoomNight,???,"Pssst, kid"
introShayRoomNight,,"char_update,Spook,1"
introShayRoomNight,Spook,Who's there?! Show yourself!
introShayRoomNight,???,Down here...
introShayRoomNight,,"char_in,Unknown,sScrewdriver,4"
introShayRoomNight,???,Sup?
introShayRoomNight,,"char_update,Spook,2"
introShayRoomNight,Spook,[shake]Gaaah![/shake] Intruder!
introShayRoomNight,Spook,What are you doing in my house?!
introShayRoomNight,???,Your house?
introShayRoomNight,???,"I thought you only owned that little box you're in, hehe."
introShayRoomNight,Spook,No! The whole house! It's my human's house and mine!
introShayRoomNight,???,That so?
introShayRoomNight,,"char_update,Unknown,6"
introShayRoomNight,???,"You see, this whole street is mine."
introShayRoomNight,???,I watched 'em build your little house from dirt and concrete.
introShayRoomNight,???,And when you lot pack up and move on?
introShayRoomNight,???,"I'll still be here, heh."
introShayRoomNight,,"char_update,Spook,1"
introShayRoomNight,Spook,I am not going to leave!
introShayRoomNight,Spook,And I'm not a kid! I'm one and a half years old!
introShayRoomNight,,"char_update,Unknown,5"
introShayRoomNight,???,[wave]Ooooo![/wave] The little guy is actually so big!
introShayRoomNight,,"char_update,Unknown,4"
introShayRoomNight,???,But you are a kid. You know so little of the world.
introShayRoomNight,???,"And you rely on another to take care of you, no?"
introShayRoomNight,???,Adults have their own lives. Adults feed themselves. Adults-
introShayRoomNight,,"char_update,Spook,2"
introShayRoomNight,Spook,"I get it, I get it!"
introShayRoomNight,,"char_update,Spook,1"
introShayRoomNight,???,...Tell you what?
introShayRoomNight,???,Why don't I open that metallic little box for you and show you how a pest lives?
introShayRoomNight,Spook,No! Shay would be worried sick!
introShayRoomNight,???,"Heh heh, worry not, friend. Some of us have humans, too."
introShayRoomNight,???,"We party all night, then crawl back into the cages."
introShayRoomNight,,"char_update,Unknown,6"
introShayRoomNight,???,"Not me, of course! I'm a free spirit."
introShayRoomNight,,"char_update,Spook,6"
introShayRoomNight,Spook,You all party at night...?
introShayRoomNight,???,Well yeah! It's Halloween tomorrow!
introShayRoomNight,???,"The veil [wave]thins,[/wave] the night is [wave]alive,[/wave] and the critters [wave]celebrate![/wave] Heh heh heh."
introShayRoomNight,,"char_update,Spook,5"
introShayRoomNight,Spook,There's a [shake]HALLOWEEN PARTY?![/shake]
introShayRoomNight,???,"[wave]Ooooh,[/wave] that got your attention?"
introShayRoomNight,???,"Indeed we do, friend. Indeed we do."
introShayRoomNight,???,Come with me.
introShayRoomNight,,"char_update,Spook,0"
introShayRoomNight,Spook,But if Shay wakes up...
introShayRoomNight,???,Then she will find you in the morning!
introShayRoomNight,???,"Live a little, friend! C'mon!"
introShayRoomNight,Spook,"...Yeah, okay."
introShayRoomNight,,"trans_scene,introCageOpen"
,,
introCageOpen,,"scene_bg_clear,sBackgroundBlack"
introCageOpen,???,"[sound,sfxCageOpen][wave]Yeaaah![/wave] Now we're talkin'."
introCageOpen,,"trans_scene,introScrewdriver"
,,
introScrewdriver,,"scene_bg_clear,sBackgroundCageNight"
introScrewdriver,,"music,bgmStrayRatStrut"
introScrewdriver,,"delay,0.5"
introScrewdriver,,"main_char_in,0"
introScrewdriver,,"delay,0.5"
introScrewdriver,,"char_in,Screwdriver,sScrewdriver,2"
introScrewdriver,Screwdriver,I'm Screw. Screwdriver.
introScrewdriver,Spook,Uh... I'm Spook.
introScrewdriver,,"char_update,Screwdriver,1"
introScrewdriver,Screwdriver,Wow! So are you [wave]spooky[/wave] then?
introScrewdriver,Spook,Ugh... dunno. Are you a screwdriver?
introScrewdriver,,"char_update,Screwdriver,0"
introScrewdriver,Screwdriver,"Fair point, fair point."
introScrewdriver,Spook,...Let's just go before we wake up Shay!
introScrewdriver,,"music,noone"
introScrewdriver,,"trans_scene,introBar"
,,
introBar,,"scene_bg_clear,sBackgroundSewerBar"
introBar,,"music,bgmBarPunk"
introBar,,"main_char_in,0"
introBar,,"char_in,Screwdriver,sScrewdriver,2"
introBar,Screwdriver,Welcome to our little club!
introBar,Screwdriver,"Folks, I got fresh blood!"
introBar,,"char_in,Pogo,sPogo,2"
introBar,Pogo,Yummy.
introBar,,"char_update,Spook,8"
introBar,Spook,[shake]Eeeeeeek!!!!!!!!![/shake]
introBar,,"char_update,Pogo,0"
introBar,Pogo,"He-he, fear not little one! I don't bite!"
introBar,Pogo,...[wave]Almost[/wave] never!
introBar,,"char_in,Barry,sBarry,1"
introBar,Barry,"Don't mess with the kid, Pogo!"
introBar,Barry,"Don't worry, she's harmless as a fly!"
introBar,Barry,"I am Barry, the bartender. Pleasure."
introBar,,"char_update,Spook,0"
introBar,,"char_out,Pogo"
introBar,,"char_in,Möth,sMoth,0"
introBar,Möth,My sweet... My sweet... How I miss my sweet...
introBar,,"char_update,Barry,3"
introBar,Barry,"Finish your drink, man... Your ""sweet"" is not going anywhere. Literally."
introBar,,"char_update,Screwdriver,1"
introBar,Screwdriver,Unlike Barry's! [shake]BWAHAHAHAHAHA!!![shake]
introBar,Barry,...
introBar,,"char_out,Barry"
introBar,,"char_in,Pogo,sPogo,8"
introBar,Pogo,Oh c'mon Drivey...
introBar,Pogo,You're the one who hasn't gone on a single date!
introBar,Pogo,Not even once!
introBar,Screwdriver,"Love is a trap, and attachment is a fancy word for a leash!"
introBar,Möth,My sweet is not a leash... My sweet is so bright...
introBar,,"char_update,Screwdriver,0"
introBar,Screwdriver,Yeah yeah...
introBar,,"char_out,Möth"
introBar,Screwdriver,"Hey Spook, before I forget, take this."
introBar,Screwdriver,It's a map. Use it if you ever get lost around here!
introBar,Spook,"Oh, thanks Screwdriver!"
introBar,,"char_update,Pogo,4"
introBar,Pogo,That looks a bit...
introBar,Screwdriver,Hm?
introBar,,"char_update,Pogo,8"
introBar,Pogo,...Nothin'!
introBar,,"char_update,Screwdriver,2"
introBar,Screwdriver,"Well, that's it from me guys. The night is young!"
introBar,Screwdriver,"See ya later, kid!"
introBar,,"char_out,Screwdriver"
introBar,,"char_update,Pogo,1"
introBar,Pogo,Yup. Gonna go stretch my wings tonight. [wave]Byeee~[/wave]
introBar,,"char_out,Pogo"
introBar,,"char_in,Möth,sMoth,0"
introBar,Möth,Must return to my lover...
introBar,,"char_out,Möth"
introBar,,"char_in,Barry,sBarry,0"
introBar,Barry,...
introBar,,"char_update,Barry,1"
introBar,Barry,"Go on, friend. I'll be here if you need anything."
introBar,Spook,Alright... Let's see where this goes.
introBar,,"music,noone"
introBar,,map
,,
,,
,,
p1Home1,,"map_scene,home,p1Home2"
p1Home1,,"scene_bg_clear,sBackgroundShayRoomNight"
p1Home1,,"music,bgmShayHome"
p1Home1,,"main_char_in,0"
p1Home1,Empty,Shay is sound asleep. Your cage is warm and inviting.
p1Home1,,"char_in,Screwdriver,sScrewdriver,0"
p1Home1,Screwdriver,"Quitting already, kid?"
p1Home1,,"char_update,Spook,8"
p1Home1,Spook,Eeeek!!!
p1Home1,,"char_update,Screwdriver,1"
p1Home1,Screwdriver,Wow! You still react the same!
p1Home1,Spook,Why are you back here?!
p1Home1,,"char_update,Screwdriver,0"
p1Home1,Screwdriver,Unfinished... business. 
p1Home1,Screwdriver,Why are YOU back here!? Night is young! Go explore! Go!
p1Home1,,"music,noone"
p1Home1,,map
,,
,,
,,
p1Home2,,"scene_bg_clear,sBackgroundShayRoomNight"
p1Home2,,"music,bgmShayHome"
p1Home2,,"main_char_in,0"
p1Home2,,"char_in,Screwdriver,sScrewdriver,2"
p1Home2,Screwdriver,[wave]When I was... a young boy...[/wave]
p1Home2,Screwdriver,[wave]My father... took me into the city...[/wave]
p1Home2,Screwdriver,[wave]To see a marching band...~[/wave]
p1Home2,,"char_update,Screwdriver,0"
p1Home2,Screwdriver,Hey! What are you looking at?!
p1Home2,Screwdriver,Go explore!
p1Home2,,"music,noone"
p1Home2,,map
,,
,,
,,
p1HomeQuest,,"map_scene,home,p1HomeQuest2"
p1HomeQuest,,"scene_bg_clear,sBackgroundShayRoomNight"
p1HomeQuest,,"music,bgmShayHome"
p1HomeQuest,,"main_char_in,0"
p1HomeQuest,,"char_in,Screwdriver,sScrewdriver,0"
p1HomeQuest,Screwdriver,I see you're back.
p1HomeQuest,Screwdriver,"Not your bedtime yet, is it?"
p1HomeQuest,,"choice,p1HomeQuestBarry,p1HomeQuestBye"
p1HomeQuest,,"scene_set,p1HomeQuestIntro"
p1HomeQuest,,"scene_set,p1HomeQuestCancel"
,,
p1HomeQuest2,,"scene_bg_clear,sBackgroundShayRoomNight"
p1HomeQuest2,,"music,bgmShayHome"
p1HomeQuest2,,"main_char_in,0"
p1HomeQuest2,,"char_in,Screwdriver,sScrewdriver,0"
p1HomeQuest2,Screwdriver,Hey!
p1HomeQuest2,Screwdriver,You wanna tell me something?
p1HomeQuest2,,"choice,p1HomeQuestBarry,p1HomeQuestBye"
p1HomeQuest2,,"scene_set,p1HomeQuestIntro"
p1HomeQuest2,,"scene_set,p1HomeQuestCancel"
,,
p1HomeQuestCancel,Screwdriver,Hey!
p1HomeQuestCancel,,"music,noone"
p1HomeQuestCancel,,map
,,
,,
p1HomeQuestIntro,,"map_scene,home,p1HomeSkip"
p1HomeQuestIntro,,"custom_script_cont,Part1ClearCheck"
p1HomeQuestIntro,,"custom_script_cont,Part1HouseAcrossFrontCheck"
p1HomeQuestIntro,,"flag_set,candy_quest_complete,true"
p1HomeQuestIntro,,"char_update,Screwdriver,3"
p1HomeQuestIntro,Screwdriver,"For the last time, I'm not giving his heart undies back!"
p1HomeQuestIntro,,"char_update,Spook,7"
p1HomeQuestIntro,Spook,Oh... um... no.
p1HomeQuestIntro,Spook,He asked me to get some candy in exchange for a drink.
p1HomeQuestIntro,,"char_update,Screwdriver,1"
p1HomeQuestIntro,Screwdriver,He's putting a newbie to work?
p1HomeQuestIntro,Screwdriver,"My, raccoons are indeed greedy, aren't they?"
p1HomeQuestIntro,,"char_update,Screwdriver,0"
p1HomeQuestIntro,Screwdriver,"Okay, kid."
p1HomeQuestIntro,Screwdriver,Let's break into that big fancy house across the street!
p1HomeQuestIntro,,"music,noone"
p1HomeQuestIntro,,"trans_scene,p1HomeQuestHouseAcross"
,,
p1HomeQuestHouseAcross,,"scene_bg_clear,sBackgroundHouseAcrossYardNight"
p1HomeQuestHouseAcross,,"music,bgmHouseAcrossSneakIn"
p1HomeQuestHouseAcross,,"main_char_in,0"
p1HomeQuestHouseAcross,,"char_in,Screwdriver,sScrewdriver,0"
p1HomeQuestHouseAcross,Screwdriver,"Candy, candy, sweet candy!"
p1HomeQuestHouseAcross,Spook,Should we be really doing this?
p1HomeQuestHouseAcross,Screwdriver,Ssshhh... Don't wake the housekeepers!
p1HomeQuestHouseAcross,Screwdriver,See that puppy over there?
p1HomeQuestHouseAcross,,"char_in,Princess,sPrincess,4"
p1HomeQuestHouseAcross,Spook,Yeah?
p1HomeQuestHouseAcross,Screwdriver,"Yes, warn me if she wakes up. The code word is ""Squeak!"" nyeh heh!"
p1HomeQuestHouseAcross,,"char_update,Spook,8"
p1HomeQuestHouseAcross,Spook,Wait-
p1HomeQuestHouseAcross,,"char_out,Screwdriver"
p1HomeQuestHouseAcross,Empty,"A well groomed, fluffy dog. Her perfume smells like cinnamon and she is wearing a single pink hair pin."
p1HomeQuestHouseAcross,,"trans_scene,p1HomeQuestHouseAcrossFadeOut1"
,,
p1HomeQuestHouseAcrossFadeOut1,,"scene_bg_clear,sBackgroundBlack"
p1HomeQuestHouseAcrossFadeOut1,Empty,Several minutes pass...
p1HomeQuestHouseAcrossFadeOut1,,"trans_scene,p1HomeQuestHouseAcrossGotCandy"
,,
p1HomeQuestHouseAcrossGotCandy,,"scene_bg_clear,sBackgroundHouseAcrossYardNight"
p1HomeQuestHouseAcrossGotCandy,,"main_char_in,0"
p1HomeQuestHouseAcrossGotCandy,,"char_in,Princess,sPrincess,4"
p1HomeQuestHouseAcrossGotCandy,,"char_in,Screwdriver,sScrewdriver,8"
p1HomeQuestHouseAcrossGotCandy,Screwdriver,Got em'! Let's go!
p1HomeQuestHouseAcrossGotCandy,Princess,Arf...?
p1HomeQuestHouseAcrossGotCandy,,"char_update,Screwdriver,3"
p1HomeQuestHouseAcrossGotCandy,,"char_update,Spook,8"
p1HomeQuestHouseAcrossGotCandy,Screwdriver,QUICK!!!
p1HomeQuestHouseAcrossGotCandy,,"trans_scene,p1HomeQuestHouseAcrossFadeOut2"
,,
p1HomeQuestHouseAcrossFadeOut2,,"scene_bg_clear,sBackgroundBlack"
p1HomeQuestHouseAcrossFadeOut2,Empty,"[sound,sfxPrincessBark][tw,none][shake]*Barking*[/shake]"
p1HomeQuestHouseAcrossFadeOut2,,"delay,2"
p1HomeQuestHouseAcrossFadeOut2,,"trans_scene,p1HomeQuestBar"
p1HomeQuestHouseAcrossFadeOut2,,"music,noone"
,,
p1HomeQuestBar,,"scene_bg_clear,sBackgroundSewerBar"
p1HomeQuestBar,,"music,bgmSewerBar"
p1HomeQuestBar,,"main_char_in,8"
p1HomeQuestBar,,"char_in,Screwdriver,sScrewdriver,0"
p1HomeQuestBar,Spook,Oh my god. Oh my god. Oh my god.
p1HomeQuestBar,,"char_update,Screwdriver,2"
p1HomeQuestBar,Screwdriver,"Whoa, calm down kid! Wasn't that a RUSH???"
p1HomeQuestBar,,"char_update,Spook,4"
p1HomeQuestBar,Spook,I'm a THIEF!!! WHAT IS SHAY GOING TO SAY!??
p1HomeQuestBar,,"char_update,Screwdriver,0"
p1HomeQuestBar,Screwdriver,"Woah there, kiddo. "
p1HomeQuestBar,,"char_update,Screwdriver,1"
p1HomeQuestBar,Screwdriver,"If anything, I am the thief, OK? You were just my little helper! Don't give yourself all the credit!"
p1HomeQuestBar,Spook,AAAAAAAAAAHHHHHHHHHHHHHHHH!!!!!!!!!!
p1HomeQuestBar,,"char_in,Barry,sBarry,0"
p1HomeQuestBar,Barry,"I'm taking this as ""we got the candy?"""
p1HomeQuestBar,Screwdriver,'course we did! Pour the guy a drink now! He clearly needs to chill out!
p1HomeQuestBar,,"char_update,Spook,3"
p1HomeQuestBar,Spook,Sniff... sniff...
p1HomeQuestBar,,"char_in,Pogo,sPogo,8"
p1HomeQuestBar,Pogo,BOO!
p1HomeQuestBar,Spook,Sniff...
p1HomeQuestBar,,"char_update,Pogo,7"
p1HomeQuestBar,Pogo,...Bad timing?
p1HomeQuestBar,,"char_update,Screwdriver,0"
p1HomeQuestBar,Screwdriver,We were just back from... Trick or treatin'. 
p1HomeQuestBar,,"char_update,Pogo,6"
p1HomeQuestBar,Pogo,"Ooo, exciting!"
p1HomeQuestBar,,"char_update,Barry,4"
p1HomeQuestBar,Barry,OK! drinks coming up! 
p1HomeQuestBar,,"char_update,Spook,0"
p1HomeQuestBar,Empty,Everyone joins in for Barry's Special Cider With Crushed Candy and Extra Cream: BSCWCCEC! 
p1HomeQuestBar,Empty,"(No, there is no shorter name for it)"
p1HomeQuestBar,,"char_update,Pogo,5"
p1HomeQuestBar,Pogo,Man... I miss playing together... This bar used to be waaay more lively...
p1HomeQuestBar,,"char_update,Barry,3"
p1HomeQuestBar,Barry,Harumph...
p1HomeQuestBar,,"char_update,Screwdriver,7"
p1HomeQuestBar,Screwdriver,"Yeah, too bad we lost our drummer like that..."
p1HomeQuestBar,,"choice,p1HomeQuestBarDead,p1HomeQuestBarPlay"
p1HomeQuestBar,,"scene_set,p1HomeQuestBarDead"
p1HomeQuestBar,,"scene_set,p1HomeQuestBarPlay"
,,
p1HomeQuestBarDead,,"char_update,Pogo,6"
p1HomeQuestBarDead,Pogo,"Haha, no silly!"
p1HomeQuestBarDead,,"char_update,Pogo,5"
p1HomeQuestBarDead,Pogo,They are just...
p1HomeQuestBarDead,Pogo,Not our drummer anymore.
p1HomeQuestBarDead,Pogo,I guess that is better than dead.
p1HomeQuestBarDead,Screwdriver,"You ""guess""?"
p1HomeQuestBarDead,,"char_update,Pogo,6"
p1HomeQuestBarDead,Pogo,Mhm!
p1HomeQuestBarDead,Barry,Dead to us anyway...
p1HomeQuestBarDead,Spook,Wow... What is that about?
p1HomeQuestBarDead,,"char_update,Screwdriver,0"
p1HomeQuestBarDead,Screwdriver,"Told ya, kid. The bar used to be way livelier."
p1HomeQuestBarDead,Barry,Let's not dig up old skeletons...
p1HomeQuestBarDead,,"char_update,Screwdriver,2"
p1HomeQuestBarDead,Screwdriver,Why not Barry? It is past midnight. Officially Hallow's Eve!!!!
p1HomeQuestBarDead,,"char_update,Pogo,0"
p1HomeQuestBarDead,Pogo,What's a better time to rise from the dead?!
p1HomeQuestBarDead,,"char_update,Barry,0"
p1HomeQuestBarDead,Barry,Never! Never is a good time!
p1HomeQuestBarDead,,"char_update,Screwdriver,0"
p1HomeQuestBarDead,Screwdriver,Booooorrrrrriiiiiinnng!
p1HomeQuestBarDead,Spook,"Weird, the vibe suddenly got so depressing."
p1HomeQuestBarDead,,"scene_set,p1HomeQuestBarClearCheck"
,,
p1HomeQuestBarPlay,,"char_update,Screwdriver,2"
p1HomeQuestBarPlay,Screwdriver,"Nope! These days I'm hanging out with my gang, the R.A.C."
p1HomeQuestBarPlay,Spook,The what?
p1HomeQuestBarPlay,Screwdriver,"""Rats Against Capitalism""!"
p1HomeQuestBarPlay,Spook,"Wow, okay."
p1HomeQuestBarPlay,,"char_update,Screwdriver,1"
p1HomeQuestBarPlay,Screwdriver,You should join in! We have motorcycles and everything!
p1HomeQuestBarPlay,Spook,But I'm a mouse.
p1HomeQuestBarPlay,Screwdriver,Are you a mouse against capitalism?
p1HomeQuestBarPlay,Spook,I guess I could be...?
p1HomeQuestBarPlay,,"char_update,Screwdriver,2"
p1HomeQuestBarPlay,Screwdriver,GREAT! YOU'RE IN!
p1HomeQuestBarPlay,,"char_update,Spook,7"
p1HomeQuestBarPlay,Spook,...
p1HomeQuestBarPlay,,"char_update,Spook,0"
p1HomeQuestBarPlay,Pogo,Ahem.
p1HomeQuestBarPlay,Pogo,"I still sing sometimes, but not on stage or anything."
p1HomeQuestBarPlay,,"char_update,Screwdriver,0"
p1HomeQuestBarPlay,Screwdriver,I don't even know where the old guitar is... 
p1HomeQuestBarPlay,Screwdriver,Maybe I sold it.
p1HomeQuestBarPlay,,"char_update,Pogo,4"
p1HomeQuestBarPlay,Pogo,You sold it?!
p1HomeQuestBarPlay,Screwdriver,"I mean, dunno. I sold a lot of old stuff to the forest folk... And it's definitely not in my lair."
p1HomeQuestBarPlay,Barry,...Man.
p1HomeQuestBarPlay,Screwdriver,Oh!
p1HomeQuestBarPlay,,"char_update,Barry,0"
p1HomeQuestBarPlay,Barry,Oh?
p1HomeQuestBarPlay,Screwdriver,It's past midnight!
p1HomeQuestBarPlay,,"char_update,Pogo,6"
p1HomeQuestBarPlay,Pogo,WAY past mignight!!!
p1HomeQuestBarPlay,,"char_update,Screwdriver,2"
p1HomeQuestBarPlay,Screwdriver,HAPPY HALLOWEEN!!!
p1HomeQuestBarPlay,Pogo,Woooo!!!!!
p1HomeQuestBarPlay,,"char_update,Barry,4"
p1HomeQuestBarPlay,Barry,Toast!
p1HomeQuestBarPlay,Spook,Happy best holiday ever!
p1HomeQuestBarPlay,,"scene_set,p1HomeQuestBarClearCheck"
,,
p1HomeQuestBarClearCheck,,"condition_script,Part1ClearCheck"
p1HomeQuestBarClearCheck,,"scene_set,p1HomeQuestBarCleared"
p1HomeQuestBarClearCheck,,"scene_set,p1HomeQuestBarNotCleared"
,,
p1HomeQuestBarCleared,Pogo,"Ahem! I'm calling it a night! Are you going home yet, Spook?"
p1HomeQuestBarCleared,Spook,"Yeah, I am tired..."
p1HomeQuestBarCleared,,"scene_set,p1HomeQuestBarTired"
,,
p1HomeQuestBarNotCleared,Pogo,"Ahem! I'm calling it a night! Are you going home yet, Spook?"
p1HomeQuestBarNotCleared,,"choice,p1HomeQuestBarTired,p1HomeQuestBarExplore"
p1HomeQuestBarNotCleared,,"scene_set,p1HomeQuestBarTired"
p1HomeQuestBarNotCleared,,"scene_set,p1HomeQuestBarExplore"
,,
p1HomeQuestBarTired,Screwdriver,"Well, have a good morning's sleep!"
p1HomeQuestBarTired,,"char_out,Screwdriver"
p1HomeQuestBarTired,Pogo,Hope you enjoyed your first night out!
p1HomeQuestBarTired,,"char_out,Pogo"
p1HomeQuestBarTired,,"char_update,Barry,1"
p1HomeQuestBarTired,Barry,"Yeah, gonna stay a bit longer. I got some crow customers visiting at dawn..."
p1HomeQuestBarTired,Spook,Night!
p1HomeQuestBarTired,,"trans_scene,p1End"
,,
p1HomeQuestBarExplore,,"char_update,Screwdriver,2"
p1HomeQuestBarExplore,Screwdriver,"Wow, someone is becoming a real night owl! Heh."
p1HomeQuestBarExplore,,"char_update,Pogo,0"
p1HomeQuestBarExplore,Pogo,"Nights are a perfect time to wander about. Good choice, little mouse!"
p1HomeQuestBarExplore,,"char_update,Barry,1"
p1HomeQuestBarExplore,Barry,"Happy hunting, friend."
p1HomeQuestBarExplore,,"music,noone"
p1HomeQuestBarExplore,,map
,,
p1HomeSkip,,"scene_bg_clear,sBackgroundCageNight"
p1HomeSkip,,"music,bgmShayHome"
p1HomeSkip,,"main_char_in,0"
p1HomeSkip,Spook,"Oh, my bed. My beautiful bed."
p1HomeSkip,,"char_update,Spook,6"
p1HomeSkip,Spook,Should I go to sleep now?
p1HomeSkip,,"choice,p1HomeSkipSleep,p1HomeSkipExplore"
p1HomeSkip,,"trans_scene,p1EndIntro"
p1HomeSkip,,map
,,
,,
p1Bar1,,"map_scene,bar,p1Bar2"
p1Bar1,,"scene_bg_clear,sBackgroundSewerBar"
p1Bar1,,"music,bgmSewerBar"
p1Bar1,,"main_char_in,0"
p1Bar1,,"char_in,Barry,sBarry,0"
p1Bar1,Barry,Hey kid.
p1Bar1,Barry,"It's your first night out, hm? Are you excited?"
p1Bar1,,"choice,p1Bar1Nervous,p1Bar1Party"
p1Bar1,,"scene_set,p1Bar1Nervous"
p1Bar1,,"scene_set,p1Bar1Party"
,,
p1Bar1Nervous,Barry,"That's okay, friend."
p1Bar1Nervous,Barry,"The streets might seem dangerous at night, but for us pests, it's full of danger during the day, too."
p1Bar1Nervous,,"char_update,Barry,2"
p1Bar1Nervous,Barry,That's why we learn to look after one other!
p1Bar1Nervous,Barry,I remember when Drivey and Pogo were just kids...
p1Bar1Nervous,Barry,"Ahh, gettin' emotional."
p1Bar1Nervous,,"char_update,Barry,1"
p1Bar1Nervous,Barry,"Now now, don't let me talk your ear off. You want a drink?"
p1Bar1Nervous,,"choice,p1Bar1Hygenic,p1Bar1Strong,p1Bar1Milk"
p1Bar1Nervous,,"scene_set,p1Bar1Hygenic"
p1Bar1Nervous,,"scene_set,p1Bar1Strong"
p1Bar1Nervous,,"scene_set,p1Bar1Milk"
,,
p1Bar1Party,,"char_update,Barry,4"
p1Bar1Party,Barry,That's the spirit!
p1Bar1Party,Barry,"Still, be careful, alright?"
p1Bar1Party,Barry,"We look after each other, but the careless don't live long out in the streets.. heh."
p1Bar1Party,,"char_update,Spook,5"
p1Bar1Party,Spook,"Yeah, yeah! "
p1Bar1Party,,"char_update,Barry,1"
p1Bar1Party,Barry,"So, what can I get you then?"
p1Bar1Party,,"char_update,Spook,0"
p1Bar1Party,Spook,What's good here?
p1Bar1Party,Barry,"Hmm, perhaps some Cider?"
p1Bar1Party,,"char_update,Spook,5"
p1Bar1Party,Spook,Cider!
p1Bar1Party,Barry,What can you offer in return?
p1Bar1Party,,"char_update,Spook,6"
p1Bar1Party,Spook,Offer... in... return?
p1Bar1Party,,"char_update,Barry,4"
p1Bar1Party,Barry,Yeah!
p1Bar1Party,Barry,"Barry's no charity, buddy. Or else it would be called... Barrity...."
p1Bar1Party,,"char_update,Spook,5"
p1Bar1Party,Spook,...But I got no money!
p1Bar1Party,Barry,Money? Don't be silly!
p1Bar1Party,,"char_update,Barry,0"
p1Bar1Party,Barry,"Look. How about you help me restock the Halloween candy, and I make you my special drink?"
p1Bar1Party,,"choice,p1Bar1Errands,p1Bar1Candy"
p1Bar1Party,,"scene_set,p1Bar1Errands"
p1Bar1Party,,"scene_set,p1Bar1Candy"
,,
p1Bar1Hygenic,Barry,"Of course, friend."
p1Bar1Hygenic,Barry,"We don't even serve poop, most days!"
p1Bar1Hygenic,,"char_update,Spook,8"
p1Bar1Hygenic,Spook,Yuck!!!
p1Bar1Hygenic,,"char_update,Barry,4"
p1Bar1Hygenic,Barry,Just messin' with you!
p1Bar1Hygenic,,"char_update,Barry,1"
p1Bar1Hygenic,Barry,"But no, it may not be for pet standards."
p1Bar1Hygenic,Barry,"So, you know, feel free to leave."
p1Bar1Hygenic,,"char_update,Spook,0"
p1Bar1Hygenic,Spook,Well...
p1Bar1Hygenic,,"choice,p1Bar1NotBad,p1Bar1Leave"
p1Bar1Hygenic,,"scene_set,p1Bar1NotBad"
p1Bar1Hygenic,,"scene_set,p1Bar1Leave"
,,
p1Bar1NotBad,,"char_update,Spook,0"
p1Bar1NotBad,Barry,Well thank you very much. I sure try to keep it that way!
p1Bar1NotBad,Spook,I guess a single drink wouldn't hurt.
p1Bar1NotBad,Barry,In the mood for something specific?
p1Bar1NotBad,,"choice,p1Bar1Strong,p1Bar1Milk"
p1Bar1NotBad,,"scene_set,p1Bar1Strong"
p1Bar1NotBad,,"scene_set,p1Bar1Milk"
,,
p1Bar1Leave,,"flag_set,candy_quest_fail,true"
p1Bar1Leave,,map
,,
,,
p1Bar1Strong,,"char_update,Barry,0"
p1Bar1Strong,Barry,Woah there friend!
p1Bar1Strong,Barry,"Eager for a night out, are you not?"
p1Bar1Strong,,"char_update,Barry,4"
p1Bar1Strong,Barry,Tell you what?
p1Bar1Strong,Barry,"In this community, we earn what we get!"
p1Bar1Strong,Barry,"How about you help me restock some Halloween candy, and then we toast together?"
p1Bar1Strong,,"choice,p1Bar1Errands,p1Bar1Candy"
p1Bar1Strong,,"scene_set,p1Bar1Errands"
p1Bar1Strong,,"scene_set,p1Bar1Candy"
,,
p1Bar1Milk,,"char_update,Barry,0"
p1Bar1Milk,Barry,Whoa there buddy!
p1Bar1Milk,Barry,"This is a bar, not the grocery store!"
p1Bar1Milk,,"char_update,Spook,6"
p1Bar1Milk,Spook,What do you have then?
p1Bar1Milk,,"char_update,Barry,1"
p1Bar1Milk,Barry,"Well... Cider. Cheese, candy, leftover food, oat, rotten fruit...."
p1Bar1Milk,,"char_update,Spook,7"
p1Bar1Milk,Spook,...
p1Bar1Milk,,"char_update,Spook,0"
p1Bar1Milk,Spook,...I think I'll pass.
p1Bar1Milk,,"char_update,Barry,4"
p1Bar1Milk,Barry,No fun!
p1Bar1Milk,Barry,"Tell you what, If you can help me restock the Halloween candy, I can make you my special drink."
p1Bar1Milk,Barry,What'dya say?
p1Bar1Milk,,"choice,p1Bar1Errands,p1Bar1Candy"
p1Bar1Milk,,"scene_set,p1Bar1Errands"
p1Bar1Milk,,"scene_set,p1Bar1Candy"
,,
,,
p1Bar1Errands,,"char_update,Barry,1"
p1Bar1Errands,Barry,"Well, you order a drink, you pay, friend!"
p1Bar1Errands,Barry,Do you have something else to pay with?
p1Bar1Errands,,"char_update,Spook,0"
p1Bar1Errands,Spook,...No.
p1Bar1Errands,Barry,Screwdriver brings all kinds of things.
p1Bar1Errands,Barry,"Food, mostly."
p1Bar1Errands,Barry,"But also music, books, small furniture, even human money..."
p1Bar1Errands,,"char_update,Spook,1"
p1Bar1Errands,Spook,That's THIEVERY!!!!!
p1Bar1Errands,Barry,Hmm. Yes. 
p1Bar1Errands,,"char_update,Barry,4"
p1Bar1Errands,Barry,"Yes, it is."
p1Bar1Errands,,"char_update,Spook,0"
p1Bar1Errands,Barry,"So, you are in?"
p1Bar1Errands,,"choice,p1Bar1Nuh,p1Bar1Okay"
p1Bar1Errands,,"scene_set,p1Bar1Nuh"
p1Bar1Errands,,"scene_set,p1Bar1Okay"
,,
p1Bar1Candy,,"char_update,Barry,1"
p1Bar1Candy,Barry,"Trash, streets, more trash..."
p1Bar1Candy,Barry,...A fridge.
p1Bar1Candy,Barry,Know what? Try catching up with Screwdriver. He can show you a trick or two!
p1Bar1Candy,Spook,Hmm...
p1Bar1Candy,,"map_scene,home,p1HomeQuest"
p1Bar1Candy,,"flag_set,candy_quest_start,true"
p1Bar1Candy,,map
,,
,,
p1Bar1Nuh,,"char_update,Barry,1"
p1Bar1Nuh,Barry,"Your call, kid!"
p1Bar1Nuh,Barry,"More for ther rest of us, heh."
p1Bar1Nuh,,"flag_set,candy_quest_fail,true"
p1Bar1Nuh,,map
,,
p1Bar1Okay,,"char_update,Barry,0"
p1Bar1Okay,Barry,A mouse of action!
p1Bar1Okay,Spook,But where do I get the candy from?
p1Bar1Okay,Barry,"All kinds of places, friend! "
p1Bar1Okay,Barry,"Your human, another human, the candy shop..."
p1Bar1Okay,Barry,Know what? Go find Screwdriver. He is a professional looter afterall.
p1Bar1Okay,Spook,"Yeah, okay..."
p1Bar1Okay,,"char_update,Barry,1"
p1Bar1Okay,Barry,Happy trick or treatin'!
p1Bar1Okay,,"map_scene,home,p1HomeQuest"
p1Bar1Okay,,"flag_set,candy_quest_start,true"
p1Bar1Okay,,map
,,
,,
p1Bar2,,"map_scene,bar,p1Bar3"
p1Bar2,,"scene_bg_clear,sBackgroundSewerBar"
p1Bar2,,"music,bgmSewerBar"
p1Bar2,,"main_char_in,0"
p1Bar2,,"char_in,Barry,sBarry,0"
p1Bar2,Barry,"Hey, kid. Didn't you want to go out and explore?"
p1Bar2,Spook,I know. Just wanted to hang out in here a bit more!
p1Bar2,Barry,"Sure, be my guest."
p1Bar2,,"char_update,Barry,1"
p1Bar2,Spook,...
p1Bar2,,"delay,0.2"
p1Bar2,Barry,...
p1Bar2,,"delay,0.2"
p1Bar2,Spook,...
p1Bar2,,"delay,0.2"
p1Bar2,Barry,...
p1Bar2,,"delay,0.2"
p1Bar2,Spook,Soooo... why do they call it Foggy Hallow?
p1Bar2,Barry,Cause there's fog.
p1Bar2,,"char_update,Spook,5"
p1Bar2,Spook,Ooh.
p1Bar2,Barry,...
p1Bar2,Spook,"Well, I better be going then!"
p1Bar2,,"char_update,Barry,10"
p1Bar2,Barry,"Have a nice night, kid!"
p1Bar2,,map
,,
p1Bar3,,"scene_bg_clear,sBackgroundSewerBar"
p1Bar3,,"music,bgmSewerBar"
p1Bar3,,"main_char_in,0"
p1Bar3,,"char_in,Barry,sBarry,0"
p1Bar3,Barry,"Hey, kid. Forgot something?"
p1Bar3,Spook,"No, I just like the place!"
p1Bar3,,"char_update,Barry,10"
p1Bar3,Barry,Appreciate it. But you shouldn't waste time on an old timer like me.
p1Bar3,Barry,"Go out and make some friends, kid!"
p1Bar3,,"char_update,Spook,5"
p1Bar3,Spook,Aw...
p1Bar3,Barry,"I insist. Cmon, go out there!"
p1Bar3,,map
,,
,,
,,
p1Street1,,"map_scene,street,p1Street2Other"
p1Street1,,"scene_bg_clear,sBackgroundStreetNight"
p1Street1,,"music,bgmStreet"
p1Street1,,"main_char_in,0"
p1Street1,,"char_in,Pogo,sPogo,3"
p1Street1,Pogo,Little friend!
p1Street1,,"char_update,Pogo,2"
p1Street1,Pogo,Are you lost yet?
p1Street1,,"choice,p1Street1LostYes,p1Street1LostNo,p1Street1LostAll"
p1Street1,,"scene_set,p1Street1LostYes"
p1Street1,,"scene_set,p1Street1LostNo"
p1Street1,,"scene_set,p1Street1LostAll"
,,
p1Street1LostYes,,"char_update,Pogo,0"
p1Street1LostYes,Pogo,"Big world, is it not? The sky is even bigger!"
p1Street1LostYes,Pogo,"Don't you wish you could fly, too?"
p1Street1LostYes,,"choice,p1Street1Scary,p1Street1KindOf"
p1Street1LostYes,,"scene_set,p1Street1Scary"
p1Street1LostYes,,"scene_set,p1Street1KindOf"
,,
p1Street1Scary,Pogo,The best things in life often are!
p1Street1Scary,,"char_update,Pogo,1"
p1Street1Scary,Pogo,"How are you ever going to learn what could it be like, if you never spread your wings?"
p1Street1Scary,Spook,But... I have no wings....
p1Street1Scary,,"char_update,Pogo,0"
p1Street1Scary,Pogo,"That doesn't stop humans, does it?"
p1Street1Scary,,"char_update,Spook,6"
p1Street1Scary,Spook,I... guess?
p1Street1Scary,,"char_update,Pogo,1"
p1Street1Scary,Pogo,Let me know if you ever want a ride!
p1Street1Scary,,"scene_set,p1Street1Questions"
,,
p1Street1KindOf,,"char_update,Pogo,1"
p1Street1KindOf,Pogo,"He-he! I could take you on a ride, if you wanted to."
p1Street1KindOf,,"char_update,Pogo,6"
p1Street1KindOf,Pogo,The city lights are beautiful from above...
p1Street1KindOf,,"char_update,Pogo,7"
p1Street1KindOf,Pogo,Though we would need to tie you up well! Wouldn't want you to fly off! 
p1Street1KindOf,,"char_update,Spook,8"
p1Street1KindOf,Spook,That's not reassuring at all!
p1Street1KindOf,,"char_update,Pogo,8"
p1Street1KindOf,Pogo,Hehe...
p1Street1KindOf,,"scene_set,p1Street1Questions"
,,
,,
p1Street1LostNo,,"char_update,Pogo,8"
p1Street1LostNo,Pogo,"Oooh, you know your streets, hm?"
p1Street1LostNo,Pogo,Wonderful! Wonderful!
p1Street1LostNo,,"char_update,Pogo,1"
p1Street1LostNo,Pogo,Though there is no shame in being lost!
p1Street1LostNo,Spook,But I am not!
p1Street1LostNo,Pogo,"Very well, very well."
p1Street1LostNo,Pogo,"Where to next, then?"
p1Street1LostNo,,"char_update,Spook,5"
p1Street1LostNo,Spook,...Somewhere.
p1Street1LostNo,,"char_update,Pogo,8"
p1Street1LostNo,Pogo,That's where I am going! Hihihi...
p1Street1LostNo,,"scene_set,p1Street1Questions"
,,
,,
,,
p1Street1Questions,,"char_update,Spook,0"
p1Street1Questions,Spook,So...
p1Street1Questions,,"char_update,Pogo,0"
p1Street1Questions,Pogo,Hm?
p1Street1Questions,,"choice,p1Street1QuestionYourself,p1Street1QuestionTown,p1Street1QuestionBar"
p1Street1Questions,,"scene_set,p1Street1QuestionYourself"
p1Street1Questions,,"scene_set,p1Street1QuestionTown"
p1Street1Questions,,"scene_set,p1Street1QuestionBar"
,,
p1Street1QuestionYourself,,"flag_set,streetQuestionYourself,true"
p1Street1QuestionYourself,Pogo,Hm hm... Let's see....
p1Street1QuestionYourself,,"char_update,Pogo,4"
p1Street1QuestionYourself,Pogo,My favorite drink is grape juice...
p1Street1QuestionYourself,,"char_update,Pogo,0"
p1Street1QuestionYourself,Pogo,And my favorite author is Marry Shelley!
p1Street1QuestionYourself,,"char_update,Pogo,1"
p1Street1QuestionYourself,Pogo,"And Dracula is my biggest crush, big time. Too bad I was born so late...."
p1Street1QuestionYourself,,"char_update,Spook,9"
p1Street1QuestionYourself,Spook,Maybe you will meet a vampire during Halloween!
p1Street1QuestionYourself,,"char_update,Pogo,6"
p1Street1QuestionYourself,Pogo,Oh that would be WONDERFUL!
p1Street1QuestionYourself,,"char_update,Pogo,8"
p1Street1QuestionYourself,Pogo,But what if they have a taste for mouses-
p1Street1QuestionYourself,,"char_update,Spook,8"
p1Street1QuestionYourself,Spook,QUIT JOKING ABOUT THAT!!!!
p1Street1QuestionYourself,,"char_update,Pogo,0"
p1Street1QuestionYourself,Pogo,"Alright, alright..."
p1Street1QuestionYourself,,"char_update,Spook,0"
p1Street1QuestionYourself,Pogo,"Well, I always wanted to be a singer as a little girl!"
p1Street1QuestionYourself,,"char_update,Pogo,1"
p1Street1QuestionYourself,Pogo,"I used to sing towards the mountains, so my voice would echo. It felt like a whole stage!"
p1Street1QuestionYourself,Spook,Don't you sing anymore?
p1Street1QuestionYourself,,"char_update,Pogo,0"
p1Street1QuestionYourself,Pogo,"Hm...Been a while, no. But I could say I accomplished a dream in a way."
p1Street1QuestionYourself,Pogo,"Now I am content with just being a little night dweller, hanging out with my friends!"
p1Street1QuestionYourself,,"choice,p1Street1Sing,p1Street1Work"
p1Street1QuestionYourself,,"scene_set,p1Street1Sing"
p1Street1QuestionYourself,,"scene_set,p1Street1Work"
,,
p1Street1Sing,,"char_update,Pogo,5"
p1Street1Sing,Pogo,"Oh, you know sweetie... It's just not the same anymore."
p1Street1Sing,,"char_update,Spook,6"
p1Street1Sing,Spook,Why so?
p1Street1Sing,,"char_update,Pogo,0"
p1Street1Sing,Pogo,...Dunno. Passion and inspiration are rare to find. Back then things were... different. 
p1Street1Sing,,"char_update,Spook,5"
p1Street1Sing,Spook,"But ""nothing easy is ever amazing"" or something, right!?"
p1Street1Sing,Pogo,Hehe. Perhaps little one. Perhaps.
p1Street1Sing,,map
,,
p1Street1Work,,"char_update,Pogo,1"
p1Street1Work,Pogo,RIGHT!???
p1Street1Work,,"char_update,Pogo,0"
p1Street1Work,Pogo,"Am not worried about you at all, kid."
p1Street1Work,Pogo,You will do juuuuust fine among us!
p1Street1Work,,map
,,
,,
p1Street1QuestionTown,,"flag_set,streetQuestionTown,true"
p1Street1QuestionTown,,"char_update,Pogo,8"
p1Street1QuestionTown,Pogo,Ohoho!
p1Street1QuestionTown,Pogo,You wanna know the tales of the ancient fog?
p1Street1QuestionTown,,"char_update,Spook,6"
p1Street1QuestionTown,Spook,Um... Yes? Is it [wave]always[/wave] foggy or something?
p1Street1QuestionTown,Pogo,You could say that...
p1Street1QuestionTown,Pogo,"Some say it's coming from under the dirt, not the sky."
p1Street1QuestionTown,Spook,Huh? How so?
p1Street1QuestionTown,,"char_update,Pogo,0"
p1Street1QuestionTown,Pogo,"You see, this part of the town is always foggy, more or less, even if it's a clear sky outside!"
p1Street1QuestionTown,Pogo,"And if you walk a little away, you can actually see that surrounding areas aren't effected..."
p1Street1QuestionTown,Pogo,The fog travels through streets like branches of veins. They say it follows the roots underground.
p1Street1QuestionTown,Spook,...But why?
p1Street1QuestionTown,Pogo,"Beats me, friend! Maybe there is something lurking right under our feet."
p1Street1QuestionTown,,"char_update,Spook,8"
p1Street1QuestionTown,,"char_update,Pogo,8"
p1Street1QuestionTown,Pogo,Feeding on the fog...
p1Street1QuestionTown,,"char_update,Spook,8"
p1Street1QuestionTown,Spook,...
p1Street1QuestionTown,Spook,Are you messing with me?
p1Street1QuestionTown,Pogo,Hehe.
p1Street1QuestionTown,Pogo,Maybe. Maybe not.
p1Street1QuestionTown,,map
,,
,,
p1Street1QuestionBar,,"flag_set,streetQuestionBar,true"
p1Street1QuestionBar,,"char_update,Pogo,1"
p1Street1QuestionBar,Pogo,"Oh, the good old Barry's!"
p1Street1QuestionBar,,"char_update,Pogo,0"
p1Street1QuestionBar,Pogo,"When I was just a pup, I met Barry in the woods! Neither of us had much going on back then."
p1Street1QuestionBar,Pogo,"But, well- Barry and Drivey are old friends."
p1Street1QuestionBar,Pogo,"They taught me how I can loot trash cans, all the good spots in town..."
p1Street1QuestionBar,,"char_update,Pogo,6"
p1Street1QuestionBar,Pogo,We used to just light fires and make-up stories under that sewer back then!
p1Street1QuestionBar,,"char_update,Pogo,0"
p1Street1QuestionBar,Pogo,Soon the other strays joined us- and we carried what we collected over to years under the sewer.
p1Street1QuestionBar,,"char_update,Pogo,1"
p1Street1QuestionBar,Pogo,It was a safe haven for every unloved animal!
p1Street1QuestionBar,Pogo,"And well, soon we had drinks, music, new friends..."
p1Street1QuestionBar,,"char_update,Pogo,0"
p1Street1QuestionBar,Pogo,Now it's pretty much a club for anyone who is willing to contribute to our little community!
p1Street1QuestionBar,,"char_update,Spook,6"
p1Street1QuestionBar,Spook,"What do you mean ""unloved animals""?"
p1Street1QuestionBar,Pogo,"Oh, you know. Humans are evolved to fear some of us. "
p1Street1QuestionBar,Pogo,"Of course, we are evolved to fear each other as well."
p1Street1QuestionBar,Pogo,But while we were able to put that to the side and build a community...
p1Street1QuestionBar,Pogo,Humans are most likely always going to be judgemental of creatures like us!
p1Street1QuestionBar,,"char_update,Spook,5"
p1Street1QuestionBar,Spook,Shay isn't judgemental!
p1Street1QuestionBar,,"char_update,Pogo,7"
p1Street1QuestionBar,Pogo,Really? Would she let me into her house?
p1Street1QuestionBar,Spook,"Yeah! Shay loves bats! She never kills bugs, too!"
p1Street1QuestionBar,,"char_update,Pogo,1"
p1Street1QuestionBar,Pogo,"Oh my. You got a special human, don't you? What a lucky mouse!"
p1Street1QuestionBar,,"char_update,Spook,9"
p1Street1QuestionBar,Spook,Mhm! Shay's the best!
p1Street1QuestionBar,,map
,,
,,
,,
p1Street1LostAll,,"char_update,Pogo,1"
p1Street1LostAll,Pogo,"Wowzie, okay, Chesire cat!"
p1Street1LostAll,,"char_update,Spook,5"
p1Street1LostAll,Spook,You've read Alice??
p1Street1LostAll,Pogo,"Mmm, yes-yes. A classic truly. Up there with Poe in my favorite book-list!"
p1Street1LostAll,,"choice,p1Street1Read,p1Street1Books"
p1Street1LostAll,,"scene_set,p1Street1Read"
p1Street1LostAll,,"scene_set,p1Street1Books"
,,
p1Street1Read,,"char_update,Pogo,8"
p1Street1Read,Pogo,How rude! 
p1Street1Read,,"char_update,Pogo,7"
p1Street1Read,Pogo,I guess it's normal- knowing this is your first time going out by yourself....
p1Street1Read,,"choice,p1Street1ReadHuman,p1Street1ReadTaught,p1Street1ReadHunting"
p1Street1Read,,"scene_set,p1Street1ReadHuman"
p1Street1Read,,"scene_set,p1Street1ReadTaught"
p1Street1Read,,"scene_set,p1Street1ReadHunting"
,,
p1Street1ReadHuman,,"char_update,Pogo,1"
p1Street1ReadHuman,Pogo,How sweet!
p1Street1ReadHuman,,"scene_set,p1Street1Genre"
,,
p1Street1ReadTaught,,"char_update,Pogo,6"
p1Street1ReadTaught,Pogo,"Aw, thanks!"
p1Street1ReadTaught,,"char_update,Pogo,0"
p1Street1ReadTaught,Pogo,But I wasn't by myself.
p1Street1ReadTaught,Pogo,I had Drivey and...
p1Street1ReadTaught,,"char_update,Pogo,5"
p1Street1ReadTaught,Pogo,And this other friend.
p1Street1ReadTaught,,"char_update,Pogo,0"
p1Street1ReadTaught,Pogo,We used to write lyrics to songs together.
p1Street1ReadTaught,Pogo,They definitely sounded better once we knew about letters. Heheh!
p1Street1ReadTaught,,"char_update,Spook,5"
p1Street1ReadTaught,Spook,You were in a band!?
p1Street1ReadTaught,Pogo,Ssssh! It's top secret!
p1Street1ReadTaught,Pogo,Now I am just a gal who loves books.
p1Street1ReadTaught,Spook,My human reads to me sometimes!
p1Street1ReadTaught,,"char_update,Pogo,1"
p1Street1ReadTaught,Pogo,"Ooh, how sweet."
p1Street1ReadTaught,,"scene_set,p1Street1Genre"
,,
p1Street1ReadHunting,,"char_update,Pogo,8"
p1Street1ReadHunting,Pogo,"""Hunting or something"", hm?"
p1Street1ReadHunting,Pogo,Well. Of course. Who doesn't love a  little mouse juice after a good horror book....
p1Street1ReadHunting,,"choice,p1Street1HuntingFunny,p1Street1Books"
p1Street1ReadHunting,,"scene_set,p1Street1HuntingFunny"
p1Street1ReadHunting,,"scene_set,p1Street1Books"
,,
p1Street1HuntingFunny,,"char_update,Spook,8"
p1Street1HuntingFunny,,"delay,0.5"
p1Street1HuntingFunny,Pogo,But it is....
p1Street1HuntingFunny,,"char_update,Spook,4"
p1Street1HuntingFunny,,"delay,1"
p1Street1HuntingFunny,Pogo,"Heh. I'll leave you be, little one."
p1Street1HuntingFunny,,map
,,
,,
p1Street1Books,,"char_update,Pogo,1"
p1Street1Books,Pogo,"Ah, a fellow little nerd! What a joy!"
p1Street1Books,,"scene_set,p1Street1Genre"
,,
,,
p1Street1Genre,,"char_update,Spook,0"
p1Street1Genre,,"char_update,Pogo,0"
p1Street1Genre,Pogo,"Which stories are your favorite, then?"
p1Street1Genre,,"choice,p1Street1Horror,p1Street1Fairy,p1Street1Romance,p1Street1Scifi"
p1Street1Genre,,"scene_set,p1Street1Horror"
p1Street1Genre,,"scene_set,p1Street1Fairy"
p1Street1Genre,,"scene_set,p1Street1Romance"
p1Street1Genre,,"scene_set,p1Street1Scifi"
,,
p1Street1Horror,,"map_scene,street,p1Street2Horror"
p1Street1Horror,,"flag_set,streetGenreHorror,true"
p1Street1Horror,,"char_update,Pogo,6"
p1Street1Horror,Pogo,"Ooh, we will just be besties!!! How exciting!!!"
p1Street1Horror,Pogo,"Y'know, we could read some books together!"
p1Street1Horror,Pogo,You wouldn't believe how many of them people throw away or just leave behind!
p1Street1Horror,Pogo,Barry has a whole library at this point!
p1Street1Horror,,"char_update,Spook,5"
p1Street1Horror,Spook,Wow!
p1Street1Horror,,"char_update,Pogo,0"
p1Street1Horror,Pogo,"Well then, don't let me keep you. The night is young."
p1Street1Horror,Pogo,But definitely do hit me up when you want a new book to read!
p1Street1Horror,,map
,,
p1Street1Fairy,,"char_update,Pogo,6"
p1Street1Fairy,Pogo,Aww!
p1Street1Fairy,,"char_update,Pogo,8"
p1Street1Fairy,Pogo,"Y'know, most fairytales hide darker stories behind them..."
p1Street1Fairy,,"char_update,Pogo,0"
p1Street1Fairy,Pogo,Think of the little red! A stranger followed the little girl home.
p1Street1Fairy,Pogo,He found her grandma because of her. 
p1Street1Fairy,,"char_update,Pogo,1"
p1Street1Fairy,Pogo,Ate her alive! 
p1Street1Fairy,,"char_update,Spook,8"
p1Street1Fairy,Pogo,No one thinks about the part where the sick old lady screamed and cried out in terror!
p1Street1Fairy,,"char_update,Pogo,8"
p1Street1Fairy,Pogo,And that wolf? How big that mouth had to open? How many teeth did he have? That was no wolf.
p1Street1Fairy,Pogo,Everyone who lived long enough in a forest knows shadows lurk out there! 
p1Street1Fairy,Pogo,"Way worse things than wolves! Way worse, truly...."
p1Street1Fairy,Spook,...
p1Street1Fairy,,"delay,1"
p1Street1Fairy,,"char_update,Pogo,1"
p1Street1Fairy,Pogo,BWAHAHAHA! But this isn't a forest! This is our street!
p1Street1Fairy,Pogo,"Go at ease, little one."
p1Street1Fairy,,map
,,
p1Street1Romance,,"char_update,Pogo,6"
p1Street1Romance,Pogo,Oooo! You like a good story?
p1Street1Romance,,"char_update,Pogo,1"
p1Street1Romance,Pogo,"Me too! From time to time, I suppose."
p1Street1Romance,Pogo,Me and Drivey sometimes read trashy romance for fun! 
p1Street1Romance,Pogo,"But more often than not, I get carried away and end up actually caring about the story..."
p1Street1Romance,,"char_update,Pogo,0"
p1Street1Romance,Pogo,Don't tell Drivey that! 
p1Street1Romance,,map
,,
p1Street1Scifi,,"map_scene,street,p1Street2Scifi"
p1Street1Scifi,,"flag_set,streetGenreScifi,true"
p1Street1Scifi,,"char_update,Pogo,1"
p1Street1Scifi,Pogo,"Ooh, little space mouse! Hehe!"
p1Street1Scifi,Pogo,"Doesn't everything feel like a sci-fi novel, when you think about it? "
p1Street1Scifi,,"char_update,Pogo,0"
p1Street1Scifi,Pogo,"I mean, humans get all excited, because, oh my god- a flying object we can't identify!"
p1Street1Scifi,Pogo,What IF we could shoot lasers from guns!?
p1Street1Scifi,,"char_update,Pogo,4"
p1Street1Scifi,Pogo,"...Then again, everything they made seems equally impossible."
p1Street1Scifi,Pogo,I just don't get why a car isn't as exciting as a spaceship. Different metal? It can FLY? So what? Heh.
p1Street1Scifi,,"char_update,Spook,7"
p1Street1Scifi,Spook,...
p1Street1Scifi,,"char_update,Pogo,0"
p1Street1Scifi,Pogo,"Sorry, sorry!"
p1Street1Scifi,Pogo,"I just don't understand some things about humans, I s'pose..."
p1Street1Scifi,,map
,,
,,
,,
p1Street2Other,,"scene_bg_clear,sBackgroundStreetNight"
p1Street2Other,,"music,bgmStreet"
p1Street2Other,,"main_char_in,0"
p1Street2Other,,"char_in,Pogo,sPogo,1"
p1Street2Other,Pogo,"Night is young, little one!"
p1Street2Other,,"scene_set,p1Street1Questions"
,,
p1Street2Horror,,"scene_bg_clear,sBackgroundStreetNight"
p1Street2Horror,,"music,bgmStreet"
p1Street2Horror,,"main_char_in,0"
p1Street2Horror,,"char_in,Pogo,sPogo,1"
p1Street2Horror,Pogo,"""Quoth the Raven, Nevermore!!!"""
p1Street2Horror,,"scene_set,p1Street1Questions"
,,
p1Street2Scifi,,"scene_bg_clear,sBackgroundStreetNight"
p1Street2Scifi,,"music,bgmStreet"
p1Street2Scifi,,"main_char_in,0"
p1Street2Scifi,,"char_in,Pogo,sPogo,1"
p1Street2Scifi,Pogo,"""The day after tomorrow, we are leaving for sure, Candide!"""
p1Street2Scifi,,"scene_set,p1Street1Questions"
,,
,,
,,
yard1,,"map_scene,houseAcrossYard,yard2"
yard1,,"scene_bg_clear,sBackgroundHouseAcrossYardNight"
yard1,,"music,bgmHouseAcross"
yard1,,"main_char_in,0"
yard1,Empty,The air smells like cinnamon and apple pie. Autumn leaves drift by.
yard1,Empty,...
yard1,Empty,"The wind howls, suddenly colder. "
yard1,Spook,Brrr!!!
yard1,???,"[tw,Hamster]Visitor! Small one! Approach!"
yard1,,"char_update,Spook,6"
yard1,Spook,Huh?
yard1,,"char_in,Hamster,sHamilton,5"
yard1,Hamster,"Approach, small hamster!"
yard1,,"char_update,Spook,0"
yard1,Spook,"I'm not a hamster, I'm a mouse."
yard1,Hamster,"Well, everyone always calls [shake]me[/shake] a mouse!"
yard1,,"choice,yard1Called,yard1Lucky,yard1Sorry"
yard1,,"scene_set,yard1Called"
yard1,,"scene_set,yard1Lucky"
yard1,,"scene_set,yard1Sorry"
,,
yard1Called,,"char_update,Hamster,0"
yard1Called,Hamster,I guess you are right. I never met a mouse.
yard1Called,Spook,Never? But you hang out outside!
yard1Called,,"char_update,Hamster,3"
yard1Called,Hamster,I'm... out..side?
yard1Called,,"choice,yard1Where,yard1Outside,yard1Cage"
yard1Called,,"scene_set,yard1Where"
yard1Called,,"scene_set,yard1Outside"
yard1Called,,"scene_set,yard1Cage"
,,
,,
yard1Where,,"char_update,Hamster,0"
yard1Where,Hamster,Of course I do!
yard1Where,Hamster,I am home where my beloved human is!
yard1Where,Spook,"I have a human, too!"
yard1Where,Hamster,Then why are [shake]YOU[/shake] outside?
yard1Where,Spook,We're both outside!
yard1Where,,"char_update,Hamster,2"
yard1Where,Hamster,WHAT??
yard1Where,,"char_update,Spook,7"
yard1Where,Spook,...Dude. I don't get it. Aren't you with those sewer punks? 
yard1Where,,"char_update,Hamster,3"
yard1Where,Hamster,The what now?
yard1Where,,"char_update,Spook,0"
yard1Where,Spook,Sewer- uh-
yard1Where,Spook,"...It's a secret, I guess."
yard1Where,Hamster,Huh...
yard1Where,,"char_update,Hamster,0"
yard1Where,Hamster,"Well, whatever! Still! You are in my home!"
yard1Where,,"char_update,Spook,7"
yard1Where,Spook,...And?
yard1Where,Hamster,Uh... Just so we're clear! You know!
yard1Where,,"choice,yard1LiveCage,yard1Ball"
yard1Where,,"scene_set,yard1LiveCage"
yard1Where,,"scene_set,yard1Ball"
,,
yard1Outside,,"char_update,Hamster,0"
yard1Outside,Hamster,Oh my! You are right!
yard1Outside,,"char_update,Hamster,2"
yard1Outside,Hamster,What are we doing here?!!!
yard1Outside,,"char_update,Spook,5"
yard1Outside,Spook,"I don't know, man! "
yard1Outside,Spook,You were here when I walked in!
yard1Outside,,"char_update,Hamster,4"
yard1Outside,Hamster,[shake]AAAAAAAAAAHHHHHHH![/shake]
yard1Outside,Spook,Don't freak out!
yard1Outside,,"char_update,Hamster,2"
yard1Outside,Hamster,[shake]YOU[/shake] don't freak out miss!
yard1Outside,,"char_update,Spook,2"
yard1Outside,Spook,I am a boy!!!!!
yard1Outside,Hamster,[shake]SO WHAT!!!!![/shake]
yard1Outside,,"scene_set,yard1Whatever"
,,
yard1Cage,,"char_update,Hamster,2"
yard1Cage,Hamster,First of all! Hamsters aren't fit for a cage!
yard1Cage,,"char_update,Hamster,0"
yard1Cage,Hamster,"We are burrowers and we require deep bedding that won't spill out and plenty of textures to live comfortable, long lives!"
yard1Cage,,"choice,yard1Enclosure,yard1Ball"
yard1Cage,,"scene_set,yard1Enclosure"
yard1Cage,,"scene_set,yard1Ball"
,,
yard1LiveCage,,"char_update,Hamster,2"
yard1LiveCage,Hamster,Hamsters aren't fit for a cage!
yard1LiveCage,Hamster,"We are burrowers and we require deep bedding that won't spill out and plenty of textures to live comfortable, long lives!"
yard1LiveCage,,"char_update,Spook,5"
yard1LiveCage,Spook,"I see, I see..."
yard1LiveCage,,"char_update,Spook,6"
yard1LiveCage,Spook,"Then why aren't you- well, in your enclosure?"
yard1LiveCage,,"char_update,Hamster,4"
yard1LiveCage,Hamster,How [shake]DARE[/shake] you stand on [shake]MY[/shake] land and question [shake]ME[/shake]!
yard1LiveCage,,"char_update,Hamster,2"
yard1LiveCage,Hamster,Arrogant mouse!
yard1LiveCage,,"scene_set,yard1Whatever"
,,
yard1Ball,,"char_update,Hamster,4"
yard1Ball,Hamster,[shake]SCANDALOUS!!! DISGUSTING!!![/shake]
yard1Ball,Hamster,Hamster balls are horrific machines of torture that will disorient and rob sensory of a roaming hamster!
yard1Ball,Hamster,We roam! We chew! We are free! [shake]OPRESSOR![/shake]
yard1Ball,,"char_update,Spook,5"
yard1Ball,Spook,"Sorry, sorry, geez..."
yard1Ball,,"char_update,Hamster,2"
yard1Ball,Hamster,"And [shake]YOU[/shake] could be in a hamster ball, too! Since when pet mice are such free spirits!"
yard1Ball,Spook,It's called a hamster ball! Not a mouse ball!
yard1Ball,Hamster,"Well? And I know of a thing called a ""mouse trap."" Do you just walk into it because of that?"
yard1Ball,,"scene_set,yard1Whatever"
,,
,,
yard1Enclosure,,"char_update,Hamster,3"
yard1Enclosure,Hamster,I... I am not sure!
yard1Enclosure,Hamster,I was there a while ago.
yard1Enclosure,,"char_update,Hamster,1"
yard1Enclosure,Hamster,Oh! I know! 
yard1Enclosure,Hamster,I am waiting for my human to come back!
yard1Enclosure,Hamster,So she can find me here!
yard1Enclosure,,"char_update,Spook,6"
yard1Enclosure,Spook,Where'd she go?
yard1Enclosure,,"char_update,Hamster,3"
yard1Enclosure,Hamster,Somewhere... close... I am sure.
yard1Enclosure,,"char_update,Hamster,4"
yard1Enclosure,Hamster,"But hey now! What's with the line of questioning, punk!"
yard1Enclosure,,"char_update,Hamster,2"
yard1Enclosure,Hamster,This is my yard! You will treat me with respect!
yard1Enclosure,,"scene_set,yard1Whatever"
,,
,,
yard1Lucky,,"char_update,Hamster,2"
yard1Lucky,Hamster,LUCKY!!!?
yard1Lucky,Hamster,Arrogant little pest!!!!!
yard1Lucky,,"char_update,Hamster,4"
yard1Lucky,Hamster,You don't even have cheek pockets! 
yard1Lucky,,"char_update,Spook,1"
yard1Lucky,Spook,Don't need em!
yard1Lucky,,"char_update,Spook,2"
yard1Lucky,Spook,"It's disgusting to carry food like that, okay!?"
yard1Lucky,,"char_update,Hamster,6"
yard1Lucky,Hamster,"[shake]CURSES ON YOU!!!! CURSES ON YOUR CHEESE, YOUR BURROWS, THE LAND OF YOUR OWNERS! CURSES!!![shake]"
yard1Lucky,,"scene_set,yard1Disappear"
,,
yard1Sorry,Spook,I know the difference between a mouse and a hamster!
yard1Sorry,,"char_update,Hamster,1"
yard1Sorry,Hamster,"Good, good, smart little rodent! "
yard1Sorry,,"char_update,Spook,7"
yard1Sorry,Spook,Uh... Sooo...
yard1Sorry,,"char_update,Spook,0"
yard1Sorry,Spook,Are you gonna join the Halloween party?
yard1Sorry,,"char_update,Hamster,5"
yard1Sorry,Hamster,Is... Is it... [wave]HALLOW'S EVE?![/wave]
yard1Sorry,Spook,Mhm...
yard1Sorry,,"char_update,Hamster,1"
yard1Sorry,Hamster,"Why, of course! Of course I will!"
yard1Sorry,Spook,Cool. So I will see you there...?
yard1Sorry,Hamster,"You will, you will..."
yard1Sorry,,"scene_set,yard1Disappear"
,,
,,
yard1Whatever,,"char_update,Spook,7"
yard1Whatever,Spook,Ugh... Whatever.
yard1Whatever,Spook,"You talk so much, man..."
yard1Whatever,,"scene_set,yard1Disappear"
,,
yard1Disappear,,"char_out,Hamster"
yard1Disappear,,"char_update,Spook,8"
yard1Disappear,Spook,...What just happened?
yard1Disappear,,map
,,
yard2,,"scene_bg_clear,sBackgroundHouseAcrossYardNight"
yard2,,"music,bgmHouseAcross"
yard2,,"main_char_in,0"
yard2,Spook,I blinked and that hamster just took off!
yard2,Spook,Weird...
yard2,,map
,,
,,
,,
houseAcross_Day1_Visit1,,"map_scene,houseAcrossFront,houseAcross_Day1_Visit2"
houseAcross_Day1_Visit1,,"scene_bg_clear,sBackgroundHouseAcrossYardNight"
houseAcross_Day1_Visit1,,"music,bgmHouseAcross"
houseAcross_Day1_Visit1,,"main_char_in,0"
houseAcross_Day1_Visit1,Spook,Whoa! What a large house!
houseAcross_Day1_Visit1,???,"[tw,Empty]Snorrrrrr"
houseAcross_Day1_Visit1,,"char_in,Giant Rabbit,sDipper,0"
houseAcross_Day1_Visit1,Giant Rabbit,Snorrrrrrrrrrrr
houseAcross_Day1_Visit1,,"char_update,Spook,8"
houseAcross_Day1_Visit1,Spook,WHOA! WHAT A LARGE RABBIT!
houseAcross_Day1_Visit1,Spook,Um...
houseAcross_Day1_Visit1,,"choice,houseAcross0,houseAcross1"
houseAcross_Day1_Visit1,,"scene_set,houseAcross_Day1_Visit1_Path1"
houseAcross_Day1_Visit1,,"scene_set,houseAcross_Day1_Visit1_Path2"
,,
houseAcross_Day1_Visit1_Path1,,"char_update,Spook,0"
houseAcross_Day1_Visit1_Path1,Spook,"Excuse me, um, Mr. Rabbit? Could you please move aside?"
houseAcross_Day1_Visit1_Path1,Giant Rabbit,Snorrrrrrr
houseAcross_Day1_Visit1_Path1,Empty,"You try to push him, but the rabbit doesn't move an inch!"
houseAcross_Day1_Visit1_Path1,,"choice,houseAcross1"
houseAcross_Day1_Visit1_Path1,,"scene_set,houseAcross_Day1_Visit1_Path2"
,,
houseAcross_Day1_Visit1_Path2,,main_char_out
houseAcross_Day1_Visit1_Path2,,"char_out,Giant Rabbit"
houseAcross_Day1_Visit1_Path2,Empty,"You try every window you can climb to, but the house seems heavily guarded!"
houseAcross_Day1_Visit1_Path2,Empty,"Maybe try again during the day, when the rabbit is awake."
houseAcross_Day1_Visit1_Path2,,map
,,
,,
houseAcross_Day1_Visit1_Candy,,"map_scene,houseAcrossFront,houseAcross_Day1_Visit2"
houseAcross_Day1_Visit1_Candy,,"scene_bg_clear,sBackgroundHouseAcrossYardNight"
houseAcross_Day1_Visit1_Candy,,"music,bgmHouseAcross"
houseAcross_Day1_Visit1_Candy,,"main_char_in,0"
houseAcross_Day1_Visit1_Candy,Spook,I wonder if that dog woke up. We shouldn't have caused so much trouble just to get some drinks!
houseAcross_Day1_Visit1_Candy,Spook,"At least, that's what I should've said..."
houseAcross_Day1_Visit1_Candy,???,Snorrrrrr
houseAcross_Day1_Visit1_Candy,,"char_in,Giant Rabbit,sDipper,0"
houseAcross_Day1_Visit1_Candy,Giant Rabbit,Snorrrrrrrrrrrr
houseAcross_Day1_Visit1_Candy,,"char_update,Spook,6"
houseAcross_Day1_Visit1_Candy,Spook,That rabbit is still sleeping?
houseAcross_Day1_Visit1_Candy,Spook,Um...
houseAcross_Day1_Visit1_Candy,,"choice,houseAcross0,houseAcross1"
houseAcross_Day1_Visit1_Candy,,"scene_set,houseAcross_Day1_Visit1_Candy_Path1"
houseAcross_Day1_Visit1_Candy,,"scene_set,houseAcross_Day1_Visit1_Candy_Path2"
,,
houseAcross_Day1_Visit1_Candy_Path1,Spook,Hmm...
houseAcross_Day1_Visit1_Candy_Path1,Giant Rabbit,snore...
houseAcross_Day1_Visit1_Candy_Path1,,"char_update,Spook,5"
houseAcross_Day1_Visit1_Candy_Path1,Spook,Hey! Mr. rabbit! Are you asleep?
houseAcross_Day1_Visit1_Candy_Path1,Giant Rabbit,"[shake]Somehow, even louder snore...[/shake]"
houseAcross_Day1_Visit1_Candy_Path1,Spook,Well... I guess I can come in?
houseAcross_Day1_Visit1_Candy_Path1,Empty,"You try to push him, but the rabbit doesn't move an inch!"
houseAcross_Day1_Visit1_Candy_Path1,Spook,Huh. That is one way to guard a door.
houseAcross_Day1_Visit1_Candy_Path1,Spook,"Maybe I should try the other entrance, just like last time."
houseAcross_Day1_Visit1_Candy_Path1,,"choice,houseAcross1"
houseAcross_Day1_Visit1_Candy_Path1,,"scene_set,houseAcross_Day1_Visit1_Candy_Path2"
,,
houseAcross_Day1_Visit1_Candy_Path2,,"char_update,Spook,0"
houseAcross_Day1_Visit1_Candy_Path2,,"char_out,Giant Rabbit"
houseAcross_Day1_Visit1_Candy_Path2,Empty,"You try to enter through the underground gateway again, but it is nowhere to be found."
houseAcross_Day1_Visit1_Candy_Path2,Spook,"It's... not here anymore! Wait, is this the right side of the house? I can't remember..."
houseAcross_Day1_Visit1_Candy_Path2,Empty,"You searched again, to no avail."
houseAcross_Day1_Visit1_Candy_Path2,Spook,This is impossible! I'm clearly not fit to be a burglar!
houseAcross_Day1_Visit1_Candy_Path2,Spook,I should just ask Screwdriver to show me the hidden entrance again later...
houseAcross_Day1_Visit1_Candy_Path2,,map
,,
,,
,,
,,
houseAcross_Day1_Visit2,,"scene_bg_clear,sBackgroundHouseAcrossYardNight"
houseAcross_Day1_Visit2,,"music,bgmHouseAcross"
houseAcross_Day1_Visit2,,"main_char_in,0"
houseAcross_Day1_Visit2,,"char_in,Giant Rabbit,sDipper,0"
houseAcross_Day1_Visit2,Giant Rabbit,Snorrr
houseAcross_Day1_Visit2,Spook,Can't get in this time...
houseAcross_Day1_Visit2,Spook,Maybe I should try again during the day.
houseAcross_Day1_Visit2,,map
,,
,,
,,
lampPost_Day1_Visit1,,"map_scene,lamp,lampPost_Day1_Visit2"
lampPost_Day1_Visit1,,"scene_bg_clear,sBackgroundLampPostNightMoth"
lampPost_Day1_Visit1,,"music,bgmLompTheme"
lampPost_Day1_Visit1,,"main_char_in,0"
lampPost_Day1_Visit1,Empty,A bright light flickers rapidly. The moth from the bar is glaring into it with loving eyes.
lampPost_Day1_Visit1,,"trans_change,false,sBackgroundLampPostNight"
lampPost_Day1_Visit1,,"char_in,Möth,sMoth,0"
lampPost_Day1_Visit1,Möth,My sweet... My love...
lampPost_Day1_Visit1,Spook,Um... Hello?
lampPost_Day1_Visit1,Möth,You see my lover? She is excited to see me.
lampPost_Day1_Visit1,,"choice,lampPost0,lampPost1"
lampPost_Day1_Visit1,,"scene_set,lampPost_Day1_Visit1_Path1"
lampPost_Day1_Visit1,,"scene_set,lampPost_Day1_Visit1_Path2"
,,
lampPost_Day1_Visit1_Path1,Möth,Watch your mouth!
lampPost_Day1_Visit1_Path1,Möth,"You want to be smart when speaking of the lamp, little mouse."
lampPost_Day1_Visit1_Path1,,"music,noone"
lampPost_Day1_Visit1_Path1,,"delay,3"
lampPost_Day1_Visit1_Path1,,"char_out,Möth"
lampPost_Day1_Visit1_Path1,,"delay,3"
lampPost_Day1_Visit1_Path1,,"char_in,Möth,sMoth,1"
lampPost_Day1_Visit1_Path1,,"char_update,Spook,8"
lampPost_Day1_Visit1_Path1,,"delay,1"
lampPost_Day1_Visit1_Path1,Möth,They listen.
lampPost_Day1_Visit1_Path1,Möth,They know things about you no one else can ever know... 
lampPost_Day1_Visit1_Path1,Möth,The bright light that mortals are drawn to before death?
lampPost_Day1_Visit1_Path1,Möth,...
lampPost_Day1_Visit1_Path1,Möth,"That's the lamp, little mouse."
lampPost_Day1_Visit1_Path1,Möth,The lamp will one day reap your soul.
lampPost_Day1_Visit1_Path1,Möth,...And
lampPost_Day1_Visit1_Path1,Möth,When that day comes?
lampPost_Day1_Visit1_Path1,Möth,You are going to wish you respected the lamp some more.
lampPost_Day1_Visit1_Path1,,"delay,3"
lampPost_Day1_Visit1_Path1,,"music,bgmLompTheme"
lampPost_Day1_Visit1_Path1,,"char_out,Möth"
lampPost_Day1_Visit1_Path1,,"char_in,Möth,sMoth,0"
lampPost_Day1_Visit1_Path1,Möth,My sweet... my love...
lampPost_Day1_Visit1_Path1,Spook,...I think I'll get going. 
lampPost_Day1_Visit1_Path1,,"music,noone"
lampPost_Day1_Visit1_Path1,,map
,,
lampPost_Day1_Visit1_Path2,Möth,Pretty... Lamp... Pretty... Lady.
lampPost_Day1_Visit1_Path2,,"choice,lampPost2,lampPost3"
lampPost_Day1_Visit1_Path2,,"scene_set,lampPost_Day1_Visit1_Path3"
lampPost_Day1_Visit1_Path2,,"scene_set,lampPost_Day1_Visit1_Path4"
,,
lampPost_Day1_Visit1_Path3,,"music,noone"
lampPost_Day1_Visit1_Path3,,"delay,3"
lampPost_Day1_Visit1_Path3,,"char_out,Möth"
lampPost_Day1_Visit1_Path3,,"delay,3"
lampPost_Day1_Visit1_Path3,,"char_in,Möth,sMoth,1"
lampPost_Day1_Visit1_Path3,,"char_update,Spook,8"
lampPost_Day1_Visit1_Path3,,"delay,1"
lampPost_Day1_Visit1_Path3,Möth,I do not love lamps.
lampPost_Day1_Visit1_Path3,Möth,I love MY lamp.
lampPost_Day1_Visit1_Path3,Möth,"My lamp, my beloved, my source of light."
lampPost_Day1_Visit1_Path3,Möth,She whispers sweet nothings to me all night.
lampPost_Day1_Visit1_Path3,Möth,"She would whisper to you, too."
lampPost_Day1_Visit1_Path3,Möth,If only you listened.
lampPost_Day1_Visit1_Path3,Möth,...
lampPost_Day1_Visit1_Path3,Möth,But no one ever listens.
lampPost_Day1_Visit1_Path3,Möth,"So she is only mine, my sweet lamp."
lampPost_Day1_Visit1_Path3,,"delay,3"
lampPost_Day1_Visit1_Path3,,"music,bgmLompTheme"
lampPost_Day1_Visit1_Path3,,"char_out,Möth"
lampPost_Day1_Visit1_Path3,,"char_in,Möth,sMoth,0"
lampPost_Day1_Visit1_Path3,Möth,My love...
lampPost_Day1_Visit1_Path3,,"choice,lampPost3"
lampPost_Day1_Visit1_Path3,,"music,noone"
lampPost_Day1_Visit1_Path3,,map
,,
lampPost_Day1_Visit1_Path4,,"music,noone"
lampPost_Day1_Visit1_Path4,,map
,,
,,
,,
lampPost_Day1_Visit2,,"scene_bg_clear,sBackgroundLampPostNightMoth"
lampPost_Day1_Visit2,,"music,bgmLompTheme"
lampPost_Day1_Visit2,,"main_char_in,0"
lampPost_Day1_Visit2,Möth,My love...
lampPost_Day1_Visit2,Spook,Uh...
lampPost_Day1_Visit2,Spook,I should just go...
lampPost_Day1_Visit2,,"music,noone"
lampPost_Day1_Visit2,,map
,,
,,
,,
,,
,,
,,
p1EndIntro,,"scene_bg_clear,sBackgroundBlack"
p1EndIntro,,"main_char_in,0"
p1EndIntro,Spook,I am feeling sleepy...
p1EndIntro,Spook,Maybe it's time to call it a day...
p1EndIntro,,"trans_scene,p1End"
,,
p1End,,"scene_bg_clear,sBackgroundShayRoomNight"
p1End,,"music,bgmSpookTheme"
p1End,,"main_char_in,0"
p1End,Spook,Shay is still sound asleep....
p1End,Spook,"Man, I feel a bit bad."
p1End,,"char_update,Spook,9"
p1End,Spook,But...I did it! I went out by myself and didn't even worry Shay!!!
p1End,,"trans_change,true,sBackgroundBlack"
p1End,Empty,"[sound,sfxCageOpen]You climb to your bed, made of soft bedding."
p1End,,"trans_change,true,sBackgroundCageNightSpook"
p1End,,"char_in,Spook,sSpook,1"
p1End,Spook,Ahhhh! My bed! I love my bed!!!!
p1End,,"char_out,Spook"
p1End,Empty,"Goodnight, little mouse..."
p1End,,"delay,2"
p1End,,"music,noone,2500,3000"
p1End,,"trans_scene,p2Intro"
,,
,,
,,
,,
p2Intro,,"scene_bg_clear,sBackgroundBlack"
p2Intro,,"delay,2"
p2Intro,Shay,"Ok, almost ready, almost ready..."
p2Intro,,"music,bgmShayHome"
p2Intro,,"trans_change,false,sBackgroundShayRoomDay"
p2Intro,,"main_char_in,7"
p2Intro,Spook,Yawwwwwwn...
p2Intro,,"char_in,Shay,sShay,3"
p2Intro,Shay,HEY SPOOK!!!!!
p2Intro,,"char_update,Spook,5"
p2Intro,Spook,!!!
p2Intro,Shay,What do you think?
p2Intro,,"choice,p2introApprove,p2introDisapprove"
p2Intro,,"scene_set,p2IntroAprrove"
p2Intro,,"scene_set,p2introDisapprove"
,,
p2IntroAprrove,,"char_update,Shay,4"
p2IntroAprrove,Shay,"I know, right!?"
p2IntroAprrove,,"char_update,Shay,5"
p2IntroAprrove,Shay,I am getting better at making costumes!
p2IntroAprrove,Shay,"Last year was... Well, goblin wasn't the best idea."
p2IntroAprrove,Shay,Everyone kept asking if I was Shrek!
p2IntroAprrove,,"scene_set,p2IntroAh"
,,
p2introDisapprove,,"char_update,Shay,7"
p2introDisapprove,Shay,"Oh, I know you wanted me to be the giant cheese instead!"
p2introDisapprove,,"char_update,Spook,3"
p2introDisapprove,,"delay,0.5"
p2introDisapprove,,"char_update,Shay,3"
p2introDisapprove,Shay,"...Maybe next year, ok?"
p2introDisapprove,,"scene_set,p2IntroAh"
,,
p2IntroAh,,"char_update,Shay,5"
p2IntroAh,Shay,Ah- before I forget! Here is yours!!!
p2IntroAh,,main_char_out
p2IntroAh,Empty,"You equipped ""Spook'o lantern"" Costume!"
p2IntroAh,,"main_char_in,10"
p2IntroAh,,"delay,0.3"
p2IntroAh,Mom,Honey! We are leaving in five!
p2IntroAh,,"char_update,Shay,6"
p2IntroAh,Shay,"Oh, right! "
p2IntroAh,Shay,We somehow ran out of Halloween candy...
p2IntroAh,,"char_update,Shay,7"
p2IntroAh,Shay,I swear I didn't eat all of it! But I can't convince mom....
p2IntroAh,,"char_out,Shay"
p2IntroAh,Shay,"[sound,sfxDoorOpen] Protect the house from the spirits while I am gone, Spook!"
p2IntroAh,,"sound,sfxDoorClose"
p2IntroAh,,"delay,0.1"
p2IntroAh,Spook,Alright... This is my chance to go out for a little while!
p2IntroAh,,main_char_out
p2IntroAh,,"main_char_in,0"
p2IntroAh,Spook,Let's see...
p2IntroAh,,"custom_script_cont,MapDataUpdatePart2"
p2IntroAh,,map
,,
,,
p2home1,,"scene_bg_clear,sBackgroundShayRoomDay"
p2home1,,"music,bgmShayHome"
p2home1,,"main_char_in,0"
p2home1,Spook,Shay is still away...
p2home1,Spook,I can explore some more!
p2home1,Spook,"Or... I can abandon those guys and stay with Shay, just like I wanted from the start!"
p2home1,Spook,They probably won't miss me anyway...
p2home1,,"char_update,Spook,3"
p2home1,Spook,...is what I would've said if this game was finished!
p2home1,,"char_update,Spook,0"
p2home1,Spook,"Unfortunately, we ran out of time to make a second chapter."
p2home1,,"condition_flag,candy_quest_complete"
p2home1,,"scene_set,p2home1Path1"
p2home1,,"scene_set,p2home1Path2"
,,
p2home1Path1,,"char_update,Spook,6"
p2home1Path1,Spook,Let's see if my help with stealing that candy amounted to anything.
p2home1Path1,,"char_update,Spook,0"
p2home1Path1,Spook,To the party!
p2home1Path1,,"music,noone"
p2home1Path1,,"trans_scene,endingPartyOkay"
,,
p2home1Path2,,"char_update,Spook,6"
p2home1Path2,Spook,"I hope those guys still managed to prepare a good party, despite me not helping them at all..."
p2home1Path2,,"char_update,Spook,0"
p2home1Path2,Spook,I guess it's time to find out!
p2home1Path2,,"music,noone"
p2home1Path2,,"trans_scene,endingPartyBad"
,,
,,
endingPartyBad,,"scene_bg_clear,sBackgroundBlack"
endingPartyBad,Empty,You climb down the Sewer.
endingPartyBad,,"trans_change,false,sBackgroundSewerBar"
endingPartyBad,Empty,"Few other animals are inside. There is low, darkwave music coming out of an old little speaker..."
endingPartyBad,,"music,bgmBarPunk"
endingPartyBad,,"main_char_in,10"
endingPartyBad,,"char_in,Screwdriver,sScrewdriver,0"
endingPartyBad,Screwdriver,Sup kid?
endingPartyBad,Spook,Oh! You aren't dressed...?
endingPartyBad,,"char_update,Screwdriver,2"
endingPartyBad,Screwdriver,Didn't get the time! Was fixing up the place half of the time.
endingPartyBad,Spook,Oooh! Where are the others?
endingPartyBad,,"char_update,Screwdriver,0"
endingPartyBad,Screwdriver,"Well, Pogo thought the party was too boring. She went to read somewhere."
endingPartyBad,,"char_update,Screwdriver,7"
endingPartyBad,Screwdriver,"Can't blame her, dude. This is like a college dorm party."
endingPartyBad,Spook,A... what?
endingPartyBad,,"char_update,Screwdriver,0"
endingPartyBad,Screwdriver,"Well. They usually suck, is all you gotta know."
endingPartyBad,Spook,Oooh...
endingPartyBad,,"char_update,Screwdriver,2"
endingPartyBad,Screwdriver,"Yeah, well. Thanks for comin'."
endingPartyBad,Screwdriver,We'll do better next year! 
endingPartyBad,,"char_update,Screwdriver,1"
endingPartyBad,Screwdriver,"Or, you know, you could always go back in time and try to help or somethin'."
endingPartyBad,Spook,I could WHAT?
endingPartyBad,Screwdriver,He-he.
endingPartyBad,,"char_update,Screwdriver,0"
endingPartyBad,Screwdriver,Just kiddin'.
endingPartyBad,,"char_update,Screwdriver,2"
endingPartyBad,Screwdriver,"Happy Halloween, kid. Try to enjoy!"
endingPartyBad,,"char_out,Screwdriver"
endingPartyBad,,main_char_out
endingPartyBad,Empty,"You eat some candy and chat with a few drunken critters, and go home early..."
endingPartyBad,,"trans_change,true,sBackgroundShayRoomNight"
endingPartyBad,,"music,bgmSpookTheme"
endingPartyBad,Empty,At least Shay comes in not so long after!
endingPartyBad,,"main_char_in,10"
endingPartyBad,,"char_in,Shay,sShay,3"
endingPartyBad,Shay,Hi Spooky-boo!
endingPartyBad,,"char_update,Shay,6"
endingPartyBad,Shay,"My, that was EXHAUSTING!"
endingPartyBad,,"char_update,Shay,7"
endingPartyBad,Shay,I am never going outside again!!!! Ugh!!!
endingPartyBad,,"char_update,Shay,5"
endingPartyBad,Shay,"Well, nevermind."
endingPartyBad,,"music,bgmTitleTheme"
endingPartyBad,,"trans_change,false,sBackgroundBlack"
endingPartyBad,Shay,It's time to watch some zombie rats!
endingPartyBad,Spook,Squeak!
endingPartyBad,,"trans_change,true"
endingPartyBad,,"trans_room,rmCredits"
,,
,,
,,
,,
,,
endingPartyOkay,,"scene_bg_clear,sBackgroundBlack"
endingPartyOkay,Empty,The nighttime comes....
endingPartyOkay,,"music,bgmTitleTheme"
endingPartyOkay,,"trans_change,true,sBackgroundSewerBarParty"
endingPartyOkay,,"char_in,Screwdriver,sScrewdriver,12"
endingPartyOkay,Screwdriver,Hiya kid!
endingPartyOkay,,"main_char_in,10"
endingPartyOkay,Spook,PARTY!!!!
endingPartyOkay,,"char_in,Pogo,sPogo,3"
endingPartyOkay,Pogo,PARTY!!!!
endingPartyOkay,,"char_update,Pogo,2"
endingPartyOkay,,"char_in,Barry,sBarry,5"
endingPartyOkay,Barry,Cheers.
endingPartyOkay,,"char_out,Screwdriver"
endingPartyOkay,,"char_in,Möth,sMoth,2"
endingPartyOkay,Möth,LAMP.
endingPartyOkay,,"char_out,Möth"
endingPartyOkay,,"char_in,Screwdriver,sScrewdriver,11"
endingPartyOkay,Screwdriver,"Yeah, that about covers it."
endingPartyOkay,,"char_update,Barry,8"
endingPartyOkay,Barry,Time to drink some BSCWCCEC!
endingPartyOkay,,"char_update,Pogo,1"
endingPartyOkay,Pogo,"Yay, BSCWCCEC!"
endingPartyOkay,Spook,"Where is your costume, Pogo?"
endingPartyOkay,,"char_update,Pogo,8"
endingPartyOkay,Pogo,Oh. Sweetie. I am a Halloween decoration aaaallll year long!
endingPartyOkay,Spook,Hm...
endingPartyOkay,,"char_update,Screwdriver,12"
endingPartyOkay,Screwdriver,You could be like. Double-bat.
endingPartyOkay,,"char_update,Pogo,4"
endingPartyOkay,Pogo,How so?
endingPartyOkay,Screwdriver,Bat suit. On your bat skin.
endingPartyOkay,,"char_update,Barry,9"
endingPartyOkay,Barry,Woooow.
endingPartyOkay,,"char_update,Pogo,6"
endingPartyOkay,Pogo,I'll do frankenstein next year!
endingPartyOkay,,"char_out,Screwdriver"
endingPartyOkay,,"char_in,Möth,sMoth,2"
endingPartyOkay,Möth,Like my costume?
endingPartyOkay,Spook,Um! Yeah! Lamp!
endingPartyOkay,Möth,LAMP.
endingPartyOkay,,"char_update,Barry,6"
endingPartyOkay,Barry,"Alright. Cheers, everyone!"
endingPartyOkay,,"char_update,Pogo,1"
endingPartyOkay,Pogo,Cheers!
endingPartyOkay,,"char_out,Möth"
endingPartyOkay,,"char_in,Screwdriver,sScrewdriver,12"
endingPartyOkay,Screwdriver,Yeah!!!
endingPartyOkay,Spook,Wohoo!
endingPartyOkay,,"delay,1"
endingPartyOkay,,"trans_room,rmCredits"
