Key,Text
menuStart,Start
menuEnd,Exit
menuCredits,Credits
menuSettings,Settings
menuResume,Resume
menuToMain,Main Menu
menuBack,Back
menuFullscreen,Fullscreen
menuVolSound,Sound
menuVolMusic,Music
menuVolTypeWriter,Dialogue SFX
menuLanguage,Language
menuLanguageEng,English
menuLanguageTur,Turkish
menuLanguageKaz,Kazakh
menuOn,On
menuOff,Off
menuSfxUI,UI SFX
menuReset,Reset To Default
menuCrt,CRT Parameters
menuCrtActive,CRT Enabled
menuCrtAbberation,Abberation
menuCrtNoise,Noise
menuCrtScanlines,Scanlines
menuCrtScanlinesGlow,Scanlines Glow
menuCrtMask,Mask
menuCrtMaskGrille,Grille
menuCrtMaskDots,Dots
menuCrtMaskSlot,Slot
menuCrtMaskScale,Mask Scale
menuCrtGlow,Inner Glow
menuCrtBright,Gamma
menuCrtFlicker,Flicker
menuCrtRoll,Rolling Band
buttonSettings,SETTINGS
buttonTextlog,TEXT LOG
,
mapHome,Home
mapBar,Sewer Bar
mapHouseAcrossYard,House Across - Yard
mapHouseAcrossFront,House Across - Front
mapStreet,Main Street
mapLamp,Lamp Post
,
mapReminder,Go home and talk to Screwdriver!
,
,
,
intro0,Squeak (Reassuringly)
intro1,Squeak (Hungrily)
,
p1HomeQuestBarry,Barry sent me!
p1HomeQuestBye,Ugh... No... Bye...
,
p1HomeQuestBarDead,Your drummer's dead?!
p1HomeQuestBarPlay,So... Do you guys not play at all anymore?
p1HomeQuestBarTired,"Yeah, I'm tired..."
p1HomeQuestBarExplore,I wanna explore some more!
,
p1HomeSkipSleep,Go to sleep.
p1HomeSkipExplore,Continue exploring!
,
,
p1Bar1Nervous,I'm a bit nervous.
p1Bar1Party,Party! Party! The night is ours!
p1Bar1Hygenic,Is this bar even hygenic...?
p1Bar1Strong,Yes!!! Pour me a strong one!
p1Bar1Milk,Um...maybe warm milk?
p1Bar1NotBad,"It's not that bad, actually."
p1Bar1Leave,Leave
p1Bar1Errands,You want me to run your errands!?
p1Bar1Candy,Where do I even find candy?
p1Bar1Nuh,Nu-uh! Keep your stolen drink!
p1Bar1Okay,Ooookay....
,
street1LostYes,"Honestly, yes."
street1LostNo,Not at all! No!
street1LostAll,Aren't we all lost?
street1Scary,No... sounds scary!
street1KindOf,I kind of do...
street1QuestionYourself,Tell me about yourself!
street1QuestionTown,Tell me about Foggy Hallow!
street1QuestionBar,Tell me about the bar!
street1Sing,You should sing again if it is your dream!
street1Work,"Yeah, working sucks! Let's all party all night forever!!!!"
street1Read,I just didn't think pests could read...
street1Books,"I love books, too!!!"
street1ReadHuman,My human reads to me! That's why!
street1ReadTaught,But it's impressive you taught yourself!
street1ReadHunting,I assumed you'd rather be hunting or something!
street1Horror,Horror!
street1Fairy,Fairytales!
street1Romance,Romance!
street1Scifi,Sci-Fi!
street1HuntingFunny,That's not funny!
,
,
,
,
,
,
,
,
,
houseAcross0,Poke the rabbit
houseAcross1,Try another entrance
,
,
,
,
yard1Called,"Well, [shake]I[/shake] never called you a mouse!"
yard1Lucky,You'd be lucky to be called a mouse!
yard1Sorry,Sorry about that.
,
yard1Where,Do you not know where you are...?
yard1Outside,Yes. this is outside. Very much.
yard1Cage,Why aren't you in a cage anyways?
,
yard1LiveCage,Do you live in a cage then..?
yard1Ball,But... shouldn't you be inside a hamster ball...?
yard1Enclosure,Okay..why aren't you in your enclosure?
,
,
,
,
,
,
,
,
lampPost0,...That's a lamp post.
lampPost1,Oh. Yes. She is beautiful.
lampPost2,Why do you love lamps so much?
lampPost3,I will give you two some privacy...
,
,
,
,
,
,
,
,
,
,
,
,
,
,
p2introApprove,Squeak Approvingly
p2introDisapprove,Squeak Disapprovingly
